Gene	Synonyms	Type	Markdown	COVID Type	Main Topic	Journal	Publisher	Importance
AR	AIS, AR8, DHTR, HUMARA, HYSP1, KD, NR3C4, SBMA, SMAX1, TFM	Critical	[Leach et al., 2021](https://pubmed.ncbi.nlm.nih.gov/34328182/)	COVID	Hub gene	Essays Biochem	Portland Press	+++
AR	AIS, AR8, DHTR, HUMARA, HYSP1, KD, NR3C4, SBMA, SMAX1, TFM	Critical	[Mjaess et al., 2020](https://pubmed.ncbi.nlm.nih.gov/32620366/)	COVID	Hub gene	Prog Urol	Elsevier	+++
AR	AIS, AR8, DHTR, HUMARA, HYSP1, KD, NR3C4, SBMA, SMAX1, TFM	Critical	[Afshari et al., 2021](https://pubmed.ncbi.nlm.nih.gov/33301988/)	COVID	Drug target - Prostate cancer	Infect Genet Evol	Elsevier	+++
AR	AIS, AR8, DHTR, HUMARA, HYSP1, KD, NR3C4, SBMA, SMAX1, TFM	Critical	[Bravaccini et al., 2021](https://pubmed.ncbi.nlm.nih.gov/33522308/)	COVID	Hub gene	Cell Transplant	Sage	+++
AR	AIS, AR8, DHTR, HUMARA, HYSP1, KD, NR3C4, SBMA, SMAX1, TFM	Critical	[Lopez-Rodriguez et al., 2023](https://pubmed.ncbi.nlm.nih.gov/36375449/)	COVID	Hub gene	Andrology	Wiley	+++
AR	AIS, AR8, DHTR, HUMARA, HYSP1, KD, NR3C4, SBMA, SMAX1, TFM	Critical	[Wambier et al., 2020](https://pubmed.ncbi.nlm.nih.gov/32412125/)	COVID	Drug target	Drug Dev Res	Wiley	+++
AR	AIS, AR8, DHTR, HUMARA, HYSP1, KD, NR3C4, SBMA, SMAX1, TFM	Critical	[Theise et al., 2020](https://pubmed.ncbi.nlm.nih.gov/33305659/)	COVID	Drug target	Cell Cycle	Taylor & Francis	+++
AR	AIS, AR8, DHTR, HUMARA, HYSP1, KD, NR3C4, SBMA, SMAX1, TFM	Critical	[Baratchian et al., 2021](https://pubmed.ncbi.nlm.nih.gov/34045511/)	COVID	Covid severity	Sci Rep	Nature	+++
AR	AIS, AR8, DHTR, HUMARA, HYSP1, KD, NR3C4, SBMA, SMAX1, TFM	Critical	[Mauvais-Jarvis, 2021](https://pubmed.ncbi.nlm.nih.gov/34089595/)	COVID	Drug target	Endocrinology	Endocrine Society	+++
AR	AIS, AR8, DHTR, HUMARA, HYSP1, KD, NR3C4, SBMA, SMAX1, TFM	Critical	[Shah et al., 2022](https://pubmed.ncbi.nlm.nih.gov/35657341/)	COVID	Drug target - Prostate cancer	JNCI Cancer Spectr	JNCI Cancer Spectr	+++
AR	AIS, AR8, DHTR, HUMARA, HYSP1, KD, NR3C4, SBMA, SMAX1, TFM	Critical	[Gupta et al., 2021](https://pubmed.ncbi.nlm.nih.gov/33243116/)	COVID	Drug target	Curr Drug Targets	BenthamScience	+++
AR	AIS, AR8, DHTR, HUMARA, HYSP1, KD, NR3C4, SBMA, SMAX1, TFM	Critical	[Chakladar et al., 2020](https://pubmed.ncbi.nlm.nih.gov/32455539/)	COVID	Covid susceptibility - smoking	Int J Mol Sci	MDPI	+++
AR	AIS, AR8, DHTR, HUMARA, HYSP1, KD, NR3C4, SBMA, SMAX1, TFM	Critical	[Haghpanah et al., 2022](https://pubmed.ncbi.nlm.nih.gov/34007019/)	COVID	Risk factor for prostatic hyperplasia	Prostate Cancer Prostatic Dis	Nature	+++
AR	AIS, AR8, DHTR, HUMARA, HYSP1, KD, NR3C4, SBMA, SMAX1, TFM	Critical	[Baldassarri et al., 2021](https://pubmed.ncbi.nlm.nih.gov/33647767/)	COVID	Alleles protection	EBioMedicine	Elsevier	+++
AR	AIS, AR8, DHTR, HUMARA, HYSP1, KD, NR3C4, SBMA, SMAX1, TFM	Critical	[Unlu et al., 2023](https://pubmed.ncbi.nlm.nih.gov/36373994/)	COVID	Drug target - Prostate cancer	Cancer Invest	Taylor & Francis	+++
AR	AIS, AR8, DHTR, HUMARA, HYSP1, KD, NR3C4, SBMA, SMAX1, TFM	Critical	[Rocha et al., 2022](https://pubmed.ncbi.nlm.nih.gov/35250984/)	COVID	Drug target	Front Immunol	Frontiers	+++
AR	AIS, AR8, DHTR, HUMARA, HYSP1, KD, NR3C4, SBMA, SMAX1, TFM	Critical	[Ahmad et al., 2023](https://pubmed.ncbi.nlm.nih.gov/36757420/)	COVID	Drug target	Expert Rev Anti Infect Ther	Taylor & Francis	+++
AR	AIS, AR8, DHTR, HUMARA, HYSP1, KD, NR3C4, SBMA, SMAX1, TFM	Critical	[Wambier & Goren, 2020](https://pubmed.ncbi.nlm.nih.gov/32283245/)	COVID	Cascade	J Am Acad Dermatol	Elsevier	+++
AR	AIS, AR8, DHTR, HUMARA, HYSP1, KD, NR3C4, SBMA, SMAX1, TFM	Critical	[Veskovic et al., 2023](https://pubmed.ncbi.nlm.nih.gov/35320487/)	COVID	Covid severity	Ir J Med Sci	Springer-Link	+++
AR	AIS, AR8, DHTR, HUMARA, HYSP1, KD, NR3C4, SBMA, SMAX1, TFM	Critical	[McCoy et al.,2021](https://pubmed.ncbi.nlm.nih.gov/32977355/)	COVID	Covid severity	J Eur Acad Dermatol Venereol	Wiley	+++
AR	AIS, AR8, DHTR, HUMARA, HYSP1, KD, NR3C4, SBMA, SMAX1, TFM	Critical	[McCoy et al., 2020](https://pubmed.ncbi.nlm.nih.gov/32333494/)	COVID	Covid severity - Drug target - Prostate cancer and Androgenetic alopecia	J Cosmet Dermatol	Wiley	+++
AR	AIS, AR8, DHTR, HUMARA, HYSP1, KD, NR3C4, SBMA, SMAX1, TFM	Critical	[Isidori et al., 2021](https://pubmed.ncbi.nlm.nih.gov/34134089/)	COVID	Covid severity - Drug target - Prostate cancer and Androgenetic alopecia	EBioMedicine	Elsevier	+++
AR	AIS, AR8, DHTR, HUMARA, HYSP1, KD, NR3C4, SBMA, SMAX1, TFM	Critical	[Ghanian & Wambier, 2021](https://pubmed.ncbi.nlm.nih.gov/34134086/)	COVID	Covid severity - Drug target - Prostate cancer and Androgenetic alopecia	EBioMedicine	Elsevier	+++
AR	AIS, AR8, DHTR, HUMARA, HYSP1, KD, NR3C4, SBMA, SMAX1, TFM	Critical	[Goren et al., 2020](https://pubmed.ncbi.nlm.nih.gov/32237190/)	COVID	Covid severity - Drug target - Androgenetic alopecia	Dermatol Ther	Wiley	+++
AR	AIS, AR8, DHTR, HUMARA, HYSP1, KD, NR3C4, SBMA, SMAX1, TFM	Critical	[Wambier et al., 2020](https://pubmed.ncbi.nlm.nih.gov/32446821/)	COVID	Covid severity - Drug target - Androgenetic alopecia	J Am Acad Dermatol	Elsevier	+++
BTN3A1	BT3.1, BTF5, BTN3.1, CD277	Causal	[Ni et al., 2023](https://pubmed.ncbi.nlm.nih.gov/36734721/)	COVID	Hub gene	Eur Rev Med Pharmacol Sci	ERMPS	+++
CDKN1A	CAP20, CDKN1, CIP1, MDA-6, P21, SDI1, WAF1, p21CIP1	Critical	[Cantu et al., 2022](https://pubmed.ncbi.nlm.nih.gov/35371610/)	COVID	Hub gene	Aging Dis	Aging Dis	+++
CDKN1A	CAP20, CDKN1, CIP1, MDA-6, P21, SDI1, WAF1, p21CIP1	Critical	[Li Ying et al., 2023](https://pubmed.ncbi.nlm.nih.gov/37853311/)	COVID	Hub gene	BMC Genomics	BMC	+++
CDKN1A	CAP20, CDKN1, CIP1, MDA-6, P21, SDI1, WAF1, p21CIP1	Critical	[Palacios et al., 2023](https://pubmed.ncbi.nlm.nih.gov/37394112/)	COVID	Expression	Microbes Infect	Elsevier	+++
CDKN1A	CAP20, CDKN1, CIP1, MDA-6, P21, SDI1, WAF1, p21CIP1	Critical	[Grimm et al., 2023](https://pubmed.ncbi.nlm.nih.gov/37348155/)	COVID	Enrichment Analysis	Redox Biol 	Elsevier	+++
CDKN1A	CAP20, CDKN1, CIP1, MDA-6, P21, SDI1, WAF1, p21CIP1	Critical	[Zhang Z et al., 2023](https://pubmed.ncbi.nlm.nih.gov/37638007/)	COVID	Prediction	Front Immunol	Frontiers	+++
CDKN1A	CAP20, CDKN1, CIP1, MDA-6, P21, SDI1, WAF1, p21CIP1	Critical	[Noor et al., 2023](https://pubmed.ncbi.nlm.nih.gov/37234545/)	COVID	Hub gene	Front Microbiol	Frontiers	+++
CDKN1A	CAP20, CDKN1, CIP1, MDA-6, P21, SDI1, WAF1, p21CIP1	Critical	[Wu et al., 2023](https://pubmed.ncbi.nlm.nih.gov/36580912/)	COVID	Hub gene	Cell	CellPress	+++
CDKN1A	CAP20, CDKN1, CIP1, MDA-6, P21, SDI1, WAF1, p21CIP1	Critical	[DAgnillo et al., 2021](https://pubmed.ncbi.nlm.nih.gov/34648357/)	COVID	Hub gene - Lung 	Sci Transl Med	Science	+++
CDKN1A	CAP20, CDKN1, CIP1, MDA-6, P21, SDI1, WAF1, p21CIP1	Critical	[Liu et al., 2023](https://pubmed.ncbi.nlm.nih.gov/37806990/)	COVID	Cascade	Signal Transduct Target Ther	Nature	+++
CDKN1A	CAP20, CDKN1, CIP1, MDA-6, P21, SDI1, WAF1, p21CIP10	Critical	[Hornung et al., 2023](https://pubmed.ncbi.nlm.nih.gov/38095608/)	COVID	Hub gene	Aging Dis	Aging Dis	+++
CDKN1A	CAP20, CDKN1, CIP1, MDA-6, P21, SDI1, WAF1, p21CIP11	Critical	[Li et al., 2023](https://pubmed.ncbi.nlm.nih.gov/37853311/)	COVID	Hub gene	BMC Genomics	BMC	+++
CDKN1A	CAP20, CDKN1, CIP1, MDA-6, P21, SDI1, WAF1, p21CIP2	Critical	[Zhang et al., 2023](https://pubmed.ncbi.nlm.nih.gov/36738354/)	COVID	Hub gene	Biogerontology	Springer-Link	+++
CDKN1A	CAP20, CDKN1, CIP1, MDA-6, P21, SDI1, WAF1, p21CIP3	Critical	[Meyer et al., 2021](https://pubmed.ncbi.nlm.nih.gov/34160250/)	COVID	Drug target	J Virol	ASM	+++
CDKN1A	CAP20, CDKN1, CIP1, MDA-6, P21, SDI1, WAF1, p21CIP4	Critical	[Zhang et al., 2022](https://pubmed.ncbi.nlm.nih.gov/36259516/)	COVID	Hub gene	J Biol Chem	Elsevier	+++
CDKN1A	CAP20, CDKN1, CIP1, MDA-6, P21, SDI1, WAF1, p21CIP5	Critical	[Talepoor & Doroudchi, 2022](https://pubmed.ncbi.nlm.nih.gov/36059478/)	COVID	Hub gene	Front Immunol	Frontiers	+++
CDKN1A	CAP20, CDKN1, CIP1, MDA-6, P21, SDI1, WAF1, p21CIP6	Critical	[Choi et al., 2022](https://pubmed.ncbi.nlm.nih.gov/35970046/)	COVID	Hub gene	Biochem Biophys Res Commun	Elsevier	+++
CDKN1A	CAP20, CDKN1, CIP1, MDA-6, P21, SDI1, WAF1, p21CIP7	Critical	[Bordoni et al., 2022](https://pubmed.ncbi.nlm.nih.gov/36139488/)	COVID	Drug target	Cells	MDPI	+++
CDKN1A	CAP20, CDKN1, CIP1, MDA-6, P21, SDI1, WAF1, p21CIP8	Critical	[Valeri et al., 2021](https://pubmed.ncbi.nlm.nih.gov/34769246/)	COVID	Hub gene	Int J Mol Sci	MDPI	+++
CDKN1A	CAP20, CDKN1, CIP1, MDA-6, P21, SDI1, WAF1, p21CIP9	Critical	[Yamamoto et al., 2023](https://pubmed.ncbi.nlm.nih.gov/36628928/)	COVID	Hub gene	Exp Biol Med	Sage	+++
CREBBP	CBP, KAT3A, MKHK1, RSTS, RSTS1	Critical	[Yang et al., 2023](https://pubmed.ncbi.nlm.nih.gov/36477795/)	COVID	Hub gene	J Med Virol	Wiley	+++
CREBBP	CBP, KAT3A, MKHK1, RSTS, RSTS2	Critical	[Temerozo et al., 2022](https://pubmed.ncbi.nlm.nih.gov/35322471/)	COVID	Hub gene	J Leukoc Biol	Oxford	+++
CREBBP	CBP, KAT3A, MKHK1, RSTS, RSTS3	Critical	[Hatakeyma et al., 2021](https://pubmed.ncbi.nlm.nih.gov/33894414/)	COVID	Hub gene	Biochem Biophys Res Commun	Elsevier	+++
CREBBP	CBP, KAT3A, MKHK1, RSTS, RSTS4	Critical	[Wu et al., 2023](https://pubmed.ncbi.nlm.nih.gov/37932487/)	Long-COVID	Hub gene	Commun Chem	Nature	+++
CREBBP	CBP, KAT3A, MKHK1, RSTS, RSTS5	Critical	[Islam et al., 2021](https://pubmed.ncbi.nlm.nih.gov/33413422/)	COVID	Hub gene - Lung injuries	J Transl Med	BMC	+++
CREBBP	CBP, KAT3A, MKHK1, RSTS, RSTS6	Critical	[Kelch et al., 2023](https://pubmed.ncbi.nlm.nih.gov/37342561/)	COVID	Drug target	Front Microbiol	Frontiers	+++
CREBBP	CBP, KAT3A, MKHK1, RSTS, RSTS7	Critical	[Haralambieva et al., 2022](https://pubmed.ncbi.nlm.nih.gov/36560767/)	COVID	Hub gene	Viruses	MDPI	+++
DNALI1	P28, SPGF83, dJ423B22.5, hp28	Causal	[Gurung et al., 2021](https://pubmed.ncbi.nlm.nih.gov/33281478/)	COVID	Drug target	Saudi J Biol Sci	Elsevier	+++
DNALI1	P28, SPGF83, dJ423B22.5, hp28	Causal	[Zareei et al., 2022](https://pubmed.ncbi.nlm.nih.gov/36438825/)	COVID	Drug target	Front Pharmacol	Frontiers	+++
DNALI1	P28, SPGF83, dJ423B22.5, hp28	Causal	[Sasidharan et al., 2021](https://pubmed.ncbi.nlm.nih.gov/32619162/)	COVID	Drug target	J Biomol Struc Dyn	J Biomol Struc Dyn	+++
EIF5A	EIF-5A, EIF5A1, FABAS, eIF-4D, eIF5AI	Causal/Critical	[Rehfeld et al., 2023](https://pubmed.ncbi.nlm.nih.gov/36753415/)	COVID	Hub gene 	Cell Rep	CellPress	+++
EP300	KAT3B, MKHK2, RSTS2, p304	Critical	[Chen et al., 2022](https://pubmed.ncbi.nlm.nih.gov/37096063/)	COVID	Vaccine target	PeerJ	PeerJ	++
EP300	KAT3B, MKHK2, RSTS2, p300	Critical	[Khokhar et al., 2022](https://pubmed.ncbi.nlm.nih.gov/34722158/)	COVID	PPI network	Meta Gene	Elsevier	+++
EP300	KAT3B, MKHK2, RSTS2, p301	Critical	[Desterke et al., 2020](https://pubmed.ncbi.nlm.nih.gov/33015591/)	COVID	Disease severity	iScience	Elsevier	+++
EP300	KAT3B, MKHK2, RSTS2, p302	Critical	[Hossain et al., 2023](https://pubmed.ncbi.nlm.nih.gov/36805222/)	COVID	Drug target	Comput Biol Med	Elsevier	+++
EP300	KAT3B, MKHK2, RSTS2, p303	Critical	[Salgado-Albarrán et al., 2021](https://pubmed.ncbi.nlm.nih.gov/34031419/)	COVID	Epigenetic response	NPJ Syst Biol Appl	Nature	+++
EP300	KAT3B, MKHK2, RSTS2, p305	Critical	[Sherman et al., 2022](https://pubmed.ncbi.nlm.nih.gov/35231079/)	COVID	Regulate ACE2	PLoS Pathogens	PLoS Pathogens	+++
EP300	KAT3B, MKHK2, RSTS2, p306	Critical	[Wei et al., 2023](https://pubmed.ncbi.nlm.nih.gov/37410700/)	COVID	Drug target	PLoS Pathogens	PLoS Pathogens	+++
EP300	KAT3B, MKHK2, RSTS2, p307	Critical	[Hatakeyma et al., 2021](https://pubmed.ncbi.nlm.nih.gov/33894414/)	COVID	Hub gene	Biochem Biophys Res Commun	Elsevier	+++
EP300	KAT3B, MKHK2, RSTS2, p308	Critical	[Vann et al., 2022](https://pubmed.ncbi.nlm.nih.gov/35716662/)	COVID	Hub gene	Structure	CellPress	+++
EP300	KAT3B, MKHK2, RSTS2, p309	Critical	[Iosef et al., 2023](https://pubmed.ncbi.nlm.nih.gov/37301958/)	Long-COVID	Hub gene	J Transl Med	BMC	+++
ESR1	ER, ESR, ESRA, ESTRR, Era, NR3A12	Critical	[Qi et al., 2022](https://pubmed.ncbi.nlm.nih.gov/35584000/)	COVID	Drug target	J Med Microbiol	Microbiology	+
ESR1	ER, ESR, ESRA, ESTRR, Era, NR3A3	Critical	[Ohnishi et al., 2022](https://pubmed.ncbi.nlm.nih.gov/35472469/)	COVID	Periodontitis - Virus entry site	J Oral Biosci	Elsevier	+
ESR1	ER, ESR, ESRA, ESTRR, Era, NR3A11	Critical	[Wong et al., 2021](https://pubmed.ncbi.nlm.nih.gov/34832534/)	COVID	Cascate in female	Pathogens	MDPI	++
ESR1	ER, ESR, ESRA, ESTRR, Era, NR3A1	Critical	[Cai et al., 2021](https://pubmed.ncbi.nlm.nih.gov/33691446/)	COVID	Hub gene	Ann Palliat Med	APM	+++
ESR1	ER, ESR, ESRA, ESTRR, Era, NR3A10	Critical	[Feng et al., 2020](https://pubmed.ncbi.nlm.nih.gov/33195414/)	COVID	Hub gene	Front Mol Biosci	Frontiers	+++
ESR1	ER, ESR, ESRA, ESTRR, Era, NR3A13	Critical	[Liu et al., 2022 - 2](https://pubmed.ncbi.nlm.nih.gov/36307516/)	COVID	Hub gene	Sci Rep	Nature	+++
ESR1	ER, ESR, ESRA, ESTRR, Era, NR3A14	Critical	[Li et al., 2022 - 1](https://pubmed.ncbi.nlm.nih.gov/35676404/)	COVID	Estrogen Interaction	Sci Rep	Nature	+++
ESR1	ER, ESR, ESRA, ESTRR, Era, NR3A15	Critical	[Hazra et al., 2022](https://pubmed.ncbi.nlm.nih.gov/36229517/)	COVID	Hub gene	Sci Rep	Nature	+++
ESR1	ER, ESR, ESRA, ESTRR, Era, NR3A16	Critical	[Banerjee et al., 2023](https://pubmed.ncbi.nlm.nih.gov/37438430/)	COVID	Hub gene	Genes Immun	Nature	+++
ESR1	ER, ESR, ESRA, ESTRR, Era, NR3A17	Critical	[Sarker et al., 2023](https://pubmed.ncbi.nlm.nih.gov/36913345/)	COVID	Hub gene	PLoS One	PLoS One	+++
ESR1	ER, ESR, ESRA, ESTRR, Era, NR3A18	Critical	[Herichova et al., 2022](https://pubmed.ncbi.nlm.nih.gov/35763527/)	COVID	Drug target	PLoS One	PLoS One	+++
ESR1	ER, ESR, ESRA, ESTRR, Era, NR3A19	Critical	[Yu et al., 2021](https://pubmed.ncbi.nlm.nih.gov/34322810/)	COVID	Herpes Zoster association	Environ Sci Pollut Res Int	Springer-Link	+++
ESR1	ER, ESR, ESRA, ESTRR, Era, NR3A2	Critical	[Huang et al., 2020](https://pubmed.ncbi.nlm.nih.gov/32983259/)	COVID	Drug target	BioData Min	BMC	+++
ESR1	ER, ESR, ESRA, ESTRR, Era, NR3A20	Critical	[Houman et al., 2022](https://pubmed.ncbi.nlm.nih.gov/35758003/)	COVID	Hub gene	Epigenetics	Taylor & Francis	+++
ESR1	ER, ESR, ESRA, ESTRR, Era, NR3A21	Critical	[Wang et al., 2022 - 4](https://pubmed.ncbi.nlm.nih.gov/33769143/)	COVID	Drug target	Nat Prod Res	Taylor & Francis	+++
ESR1	ER, ESR, ESRA, ESTRR, Era, NR3A22	Critical	[Feng et al., 2022](https://pubmed.ncbi.nlm.nih.gov/35859316/)	COVID	Hub gene	Phytother Res	Wiley	+++
ESR1	ER, ESR, ESRA, ESTRR, Era, NR3A4	Critical	[Liu et al., 2022 - 1](https://pubmed.ncbi.nlm.nih.gov/36403355/)	COVID	Hub gene	Comput Biol Med	Elsevier	+++
ESR1	ER, ESR, ESRA, ESTRR, Era, NR3A5	Critical	[Khokhar et al., 2022](https://pubmed.ncbi.nlm.nih.gov/34722158/)	COVID	Hub gene	Meta Gene	Elsevier	+++
ESR1	ER, ESR, ESRA, ESTRR, Era, NR3A6	Critical	[Ibrahim et al., 2020](https://pubmed.ncbi.nlm.nih.gov/33065388/)	COVID	Drug target	Comput Biol Med	Elsevier	+++
ESR1	ER, ESR, ESRA, ESTRR, Era, NR3A7	Critical	[Li et al., 2022 - 2](https://pubmed.ncbi.nlm.nih.gov/35636166/)	COVID	Drug target - PPI	Phytomedicine	Elsevier	+++
ESR1	ER, ESR, ESRA, ESTRR, Era, NR3A8	Critical	[Ren et al., 2024](https://pubmed.ncbi.nlm.nih.gov/38306776/)	COVID	Hub gene	Comput Biol Med	Elsevier	+++
ESR1	ER, ESR, ESRA, ESTRR, Era, NR3A9	Critical	[Zeng et al., 2022](https://pubmed.ncbi.nlm.nih.gov/36532549/)	COVID	Hub gene	Front Nutr	Frontiers	+++
FYN	SLK, SYN, p59-FYN	Critical	[Wang & Gao, 2023](https://pubmed.ncbi.nlm.nih.gov/36816510/)	COVID	Drug target	Arab J Chem	Arab J Chem	+++
FYN	SLK, SYN, p59-FYN	Critical	[Sonkar et al., 2021](https://pubmed.ncbi.nlm.nih.gov/34537409/)	COVID	Drug target	Comput Biol Med	Elsevier	+++
FYN	SLK, SYN, p59-FYN	Critical	[Al-Mustanjid et al., 2022](https://pubmed.ncbi.nlm.nih.gov/35818398/)	COVID	Hub gene	Inform Med Unlocked	Inform Med Unlocked	+++
FYN	SLK, SYN, p59-FYN	Critical	[Wang et al., 2022 - 5](https://pubmed.ncbi.nlm.nih.gov/35874957/)	COVID	Drug target	Nat Prod Res	Taylor & Francis	+++
GRB2	ASH, EGFRBP-GRB2, Grb3-3, MST084, MSTP084, NCKAP2	Critical	[Ren et al., 2024](https://pubmed.ncbi.nlm.nih.gov/38306776/)	COVID	Drug target	Comput Biol Med	Elsevier	+++
GRB2	ASH, EGFRBP-GRB2, Grb3-3, MST084, MSTP084, NCKAP2	Critical	[Aydemir et al., 2021](https://pubmed.ncbi.nlm.nih.gov/33398248/)	COVID	Drug target	Gene Rep	Gene Rep	+++
IMMT	HMP, MICOS60, MINOS2, Mic60, P87, P87/89, P89, PIG4, PIG52	Causal/Critical	[Tobi et al., 2023](https://pubmed.ncbi.nlm.nih.gov/37108697/)	COVID	Hub gene	Int J Biol Sci	MDPI	+++
MED19	DT2P1G7, LCMR1, MED19AS	Causal/Critical	[Demirci & Adan, 2020](https://pubmed.ncbi.nlm.nih.gov/32547891/)	COVID	Drug target	PeerJ	PeerJ	+++
MED19	DT2P1G7, LCMR1, MED19AS	Causal/Critical	[Zhang et al., 2021](https://pubmed.ncbi.nlm.nih.gov/34038190/)	COVID	Drug target - Lung Cancer	Exp Biol Med	Sage	+++
MPDZ	HYC2, MUPP1	Causal/Critical	[Meng et al., 2022](https://pubmed.ncbi.nlm.nih.gov/36483456/)	COVID	Hub gene - Bacteria interaction	Front Cell Infect Microbiolo	Frontiers	+++
MPDZ	HYC2, MUPP1	Causal/Critical	[Baliova et al., 2023](https://pubmed.ncbi.nlm.nih.gov/36932261/)	COVID	Drug target	Protein J	Springer-Link	+++
NDUFA6	B14, CI-B14, LYRM6, MC1DN33, NADHB14	Causal/Critical	[Chu et al., 2024](https://pubmed.ncbi.nlm.nih.gov/38259479/)	COVID	Hub gene - Preeclampsia	Front Immunol	Frontiers	+++
OR52N2	OR11-57	Causal	[Meidert et al., 2021](https://pubmed.ncbi.nlm.nih.gov/34956213/)	COVID	Expression	Front Immunol	Frontiers	+++
PGLYRP4	PGLYRPIbeta, PGRP-Ibeta, PGRPIB, SBBI67	Causal	[Karami et al., 2021](https://pubmed.ncbi.nlm.nih.gov/34441862/)	COVID	Hub gene	J Clin Med	MDPI	+++
PRH1	Db-s, PA, PIF-S, PRH2, PRP-1/PRP-2, Pr1/Pr2	Causal	[Aita et al., 2022](https://pubmed.ncbi.nlm.nih.gov/36228679/)	COVID	Biomarker - Proteomics	Clin Chim Acta	Elsevier	++
PRKCA	AAG6, PKC-alpha, PKCA, PKCI+/-, PKCalpha, PRKACA	Critical	[Zhuang et al., 2021](https://pubmed.ncbi.nlm.nih.gov/33135607/)	COVID	Hub gene	Comb Chem High Thro Screen	BenthamScience	+++
PRKCA	AAG6, PKC-alpha, PKCA, PKCI+/-, PKCalpha, PRKACA	Critical	[Liu Y-Z et al., 2023](https://pubmed.ncbi.nlm.nih.gov/38164831/)	COVID	Drug target	Eur Rev Med Pharmacol Sci	ERMPS	+++
PRKCA	AAG6, PKC-alpha, PKCA, PKCI+/-, PKCalpha, PRKACA	Critical	[Li et al., 2022 - 3](https://pubmed.ncbi.nlm.nih.gov/35464051/)	COVID	Hub gene - Ovarian cancer	Front Endocrinol	Frontiers	+++
PRKCA	AAG6, PKC-alpha, PKCA, PKCI+/-, PKCalpha, PRKACA	Critical	[Zhou et al., 2023](https://pubmed.ncbi.nlm.nih.gov/37657041/)	COVID	Hub gene - PPI	Medicine	Medicine	+++
PRKCA	AAG6, PKC-alpha, PKCA, PKCI+/-, PKCalpha, PRKACA	Critical	[Tian et al., 2023](https://pubmed.ncbi.nlm.nih.gov/37486005/)	COVID	Expression	Cell Cycle	Taylor & Francis	+++
PRKCA	AAG6, PKC-alpha, PKCA, PKCI+/-, PKCalpha, PRKACA	Critical	[Qin et al., 2021](https://pubmed.ncbi.nlm.nih.gov/33241658/)	COVID	Drug target	J Cell Mol Med	Wiley	+++
PRKCA	AAG6, PKC-alpha, PKCA, PKCI+/-, PKCalpha, PRKACA	Critical	[Ghashghaeinia et al., 2020](https://pubmed.ncbi.nlm.nih.gov/33305655/)	COVID	Drug target	Cell Cycle	Taylor & Francis	+++
PRKCA	AAG6, PKC-alpha, PKCA, PKCI+/-, PKCalpha, PRKACA	Critical	[Shapira et al., 2022](https://pubmed.ncbi.nlm.nih.gov/36508083/)	COVID	Hub gene	Mol Biomed	Mol Biomed	+++
PRKCA	AAG6, PKC-alpha, PKCA, PKCI+/-, PKCalpha, PRKACA	Critical	[Barman et al., 2022](https://pubmed.ncbi.nlm.nih.gov/35364279/)	COVID	Drug target	Methods	Elsevier	+++
RB1	OSRC, PPP1R130, RB, p105-Rb, p110-RB1, pRb, pp110	Critical	[Policard et al., 2021](https://pubmed.ncbi.nlm.nih.gov/34058265/)	COVID	Hub gene - Oncogene	Virus Res	Elsevier	+++
RB1	OSRC, PPP1R130, RB, p105-Rb, p110-RB1, pRb, pp111	Critical	[Dos Santos et al., 2021](https://pubmed.ncbi.nlm.nih.gov/33933633/)	COVID	Genetic Polymorphisms 	Infect Genet Evol	Elsevier	+++
RB1	OSRC, PPP1R130, RB, p105-Rb, p110-RB1, pRb, pp112	Critical	[Aydemir et al., 2021](https://pubmed.ncbi.nlm.nih.gov/33398248/)	COVID	Hub gene - Oncogene	Gene Rep	Gene Rep	+++
RB1	OSRC, PPP1R130, RB, p105-Rb, p110-RB1, pRb, pp113	Critical	[Alpalhao et al., 2020](https://pubmed.ncbi.nlm.nih.gov/32485314/)	Long-COVID	Hub gene	Med Hypotheses	Elsevier	+++
RB1	OSRC, PPP1R130, RB, p105-Rb, p110-RB1, pRb, pp114	Critical	[Zhou et al., 2020](https://pubmed.ncbi.nlm.nih.gov/33245731/)	COVID	Hub gene	Oncotarget	Oncotarget	+++
SAMD9L	ATXPC, C7DELq, C7orf6, DEL7q, DRIF2, M7MLS1, MLSM7, SCA49, UEF1	Causal	[Sandi et al., 2024](https://pubmed.ncbi.nlm.nih.gov/38375062/)	COVID	Expression	J Immunol Res	Hindawi	++
SAMD9L	ATXPC, C7DELq, C7orf6, DEL7q, DRIF2, M7MLS1, MLSM7, SCA49, UEF1	Causal	[Xie et al., 2021](https://pubmed.ncbi.nlm.nih.gov/34920753/)	COVID	Hub gene	Eur J Med Res	BMC	+++
SMAD2	CHTD8, JV18, JV18-1, LDS6, MADH2, MADR2, hMAD-2, hSMAD8	Critical	[Das et al., 2023](https://pubmed.ncbi.nlm.nih.gov/37563850/)	COVID	Spatial single cell	J Med Virol	Wiley	+
SMAD2	CHTD8, JV18, JV18-1, LDS6, MADH2, MADR2, hMAD-2, hSMAD2	Critical	[Huang et al., 2023](https://pubmed.ncbi.nlm.nih.gov/37401499/)	COVID	Hub gene	Chin Med Sci	Chin Med Sci	+++
SMAD2	CHTD8, JV18, JV18-1, LDS6, MADH2, MADR2, hMAD-2, hSMAD3	Critical	[Zhang Q et al., 2023](https://pubmed.ncbi.nlm.nih.gov/36410121/)	COVID	Drug target	Biomed Pharmacother	Elsevier	+++
SMAD2	CHTD8, JV18, JV18-1, LDS6, MADH2, MADR2, hMAD-2, hSMAD4	Critical	[Ren Y et al., 2024](https://pubmed.ncbi.nlm.nih.gov/38325795/)	COVID	Drug target	Eur J Pharmacol	Eur J Pharmacol	+++
SMAD2	CHTD8, JV18, JV18-1, LDS6, MADH2, MADR2, hMAD-2, hSMAD5	Critical	[Zhou et al., 2023](https://pubmed.ncbi.nlm.nih.gov/37256223/)	COVID	Cascate	Front Pharmacol	Frontiers	+++
SMAD2	CHTD8, JV18, JV18-1, LDS6, MADH2, MADR2, hMAD-2, hSMAD6	Critical	[Aydemir et al., 2021](https://pubmed.ncbi.nlm.nih.gov/33398248/)	COVID	Drug target	Gene Rep	Gene Rep	+++
SMAD2	CHTD8, JV18, JV18-1, LDS6, MADH2, MADR2, hMAD-2, hSMAD7	Critical	[Morita et al., 2023](https://pubmed.ncbi.nlm.nih.gov/36634143/)	COVID	Drug target	Proc Natl Acad Sci USA	PNAS	+++
SMAD2	CHTD8, JV18, JV18-1, LDS6, MADH2, MADR2, hMAD-2, hSMAD9	Critical	[Cui et al., 2021](https://pubmed.ncbi.nlm.nih.gov/32996197/)	COVID	Drug target	Phytother Res	Wiley	+++
SMAD3	HSPC193, HsT17436, JV15-2, LDS1C, LDS3, MADH3, hMAD-3, hSMAD3, mad9	Critical	[Wang et al., 2022 - 1](https://pubmed.ncbi.nlm.nih.gov/35874957/)	COVID	Cell death	Int J Biol Sci	Int J Biol Sci	+
SMAD3	HSPC193, HsT17436, JV15-2, LDS1C, LDS3, MADH3, hMAD-3, hSMAD3, mad10	Critical	[Li et al., 2023](https://pubmed.ncbi.nlm.nih.gov/37065607/)	COVID	Virus-host Interaction	Kidney Dis	Karger	+++
SMAD3	HSPC193, HsT17436, JV15-2, LDS1C, LDS3, MADH3, hMAD-3, hSMAD3, mad11	Critical	[Chen et al., 2022](https://pubmed.ncbi.nlm.nih.gov/35896532/)	COVID	Virus-host Interaction	Signal Transduct Target Ther	Nature	+++
SMAD3	HSPC193, HsT17436, JV15-2, LDS1C, LDS3, MADH3, hMAD-3, hSMAD3, mad12	Critical	[Liang et al., 2023](https://pubmed.ncbi.nlm.nih.gov/37029116/)	COVID	Virus-host Interaction	Signal Transduct Target Ther	Nature	+++
SMAD3	HSPC193, HsT17436, JV15-2, LDS1C, LDS3, MADH3, hMAD-3, hSMAD3, mad3	Critical	[Wang et al., 2022 - 2](https://pubmed.ncbi.nlm.nih.gov/34813685/)	COVID	Virus-host Interaction	Adv Sci	Adv Sci	+++
SMAD3	HSPC193, HsT17436, JV15-2, LDS1C, LDS3, MADH3, hMAD-3, hSMAD3, mad4	Critical	[Zhand et al., 2023](https://pubmed.ncbi.nlm.nih.gov/36889311/)	COVID	Drug target	Cell Chem Biol	CellPress	+++
SMAD3	HSPC193, HsT17436, JV15-2, LDS1C, LDS3, MADH3, hMAD-3, hSMAD3, mad5	Critical	[Wu et al., 2023](https://pubmed.ncbi.nlm.nih.gov/36514292/)	COVID	Drug target	Mol Ther	CellPress	+++
SMAD3	HSPC193, HsT17436, JV15-2, LDS1C, LDS3, MADH3, hMAD-3, hSMAD3, mad6	Critical	[Selvaraj et al., 2021](https://pubmed.ncbi.nlm.nih.gov/33968364/)	COVID	Drug target	F1000Research	F1000Research	+++
SMAD3	HSPC193, HsT17436, JV15-2, LDS1C, LDS3, MADH3, hMAD-3, hSMAD3, mad7	Critical	[Wu et al., 2023](https://pubmed.ncbi.nlm.nih.gov/36514292/)	COVID	Drug target	Front Endocrinol	Frontiers	+++
SMAD3	HSPC193, HsT17436, JV15-2, LDS1C, LDS3, MADH3, hMAD-3, hSMAD3, mad8	Critical	[Aydemir et al., 2021](https://pubmed.ncbi.nlm.nih.gov/33398248/)	COVID	Virus-host Interaction	Gene Rep	Gene Rep	+++
SRC	ASV, SRC1, THC6, c-SRC, p60-Src	Critical	[Lin et al., 2023](https://pubmed.ncbi.nlm.nih.gov/37158982/)	COVID	Cascate	J Exp Med	JEM	+
SRC	ASV, SRC1, THC6, c-SRC, p60-Src	Critical	[Lin et al., 2020](https://pubmed.ncbi.nlm.nih.gov/33043320/)	COVID	Drug target	EJHaem	EJHaem	++
SRC	ASV, SRC1, THC6, c-SRC, p60-Src	Critical	[Jakhmola et al., 2021](https://pubmed.ncbi.nlm.nih.gov/33778179/)	COVID	Virus Mutation	Heliyon	Elsevier	++
SRC	ASV, SRC1, THC6, c-SRC, p60-Src	Critical	[Chakraborty et al., 2021](https://pubmed.ncbi.nlm.nih.gov/33617879/)	COVID	Drug target	J Biol Chem	Elsevier	++
SRC	ASV, SRC1, THC6, c-SRC, p60-Src	Critical	[Wang et al., 2021 - 3](https://pubmed.ncbi.nlm.nih.gov/34908920/)	COVID	Drug target	Food Nutr Res	Food Nutr Res	++
SRC	ASV, SRC1, THC6, c-SRC, p60-Src	Critical	[Alo et al., 2021](https://pubmed.ncbi.nlm.nih.gov/34414199/)	COVID	Cascate	Front Med	Frontiers	++
SRC	ASV, SRC1, THC6, c-SRC, p60-Src	Critical	[Song et al., 2022](https://pubmed.ncbi.nlm.nih.gov/35012610/)	COVID	Drug target	J Hematol Oncol	BMC	+++
SRC	ASV, SRC1, THC6, c-SRC, p60-Src	Critical	[Li Yue et al., 2021](https://pubmed.ncbi.nlm.nih.gov/33602138/)	COVID	Drug target	BMC Genomics	BMC	+++
SRC	ASV, SRC1, THC6, c-SRC, p60-Src	Critical	[Kawasaki et al., 2022](https://pubmed.ncbi.nlm.nih.gov/36451245/)	COVID	Enrichment Analysis	Inflamm Regen 	BMC	+++
SRC	ASV, SRC1, THC6, c-SRC, p60-Src	Critical	[Tiwari et al., 2020](https://pubmed.ncbi.nlm.nih.gov/33200027/)	COVID	Driver gene	Comput Struct Biotechnol J	Comput Struct Biotechnol J	+++
SRC	ASV, SRC1, THC6, c-SRC, p60-Src	Critical	[Sokouti 2022](https://pubmed.ncbi.nlm.nih.gov/37521843/)	COVID	Hub gene	Egypt J Med Hum Genet	Egypt J Med Hum Genet	+++
SRC	ASV, SRC1, THC6, c-SRC, p60-Src	Critical	[Norris et al., 2023](https://pubmed.ncbi.nlm.nih.gov/36669646/)	Long-COVID	Virus-host Interaction	J Biol Chem	Elsevier	+++
SRC	ASV, SRC1, THC6, c-SRC, p60-Src	Critical	[Liu et al., 2022 - 1](https://pubmed.ncbi.nlm.nih.gov/36403355/)	COVID	Hub gene	Comput Biol Med	Elsevier	+++
SRC	ASV, SRC1, THC6, c-SRC, p60-Src	Critical	[Subbarayan et al., 2021](https://pubmed.ncbi.nlm.nih.gov/33796097/)	COVID	Drug target	Front Immunol	Frontiers	+++
SRC	ASV, SRC1, THC6, c-SRC, p60-Src	Critical	[Souza et al., 2021](https://pubmed.ncbi.nlm.nih.gov/33935717/)	COVID	Drug target	Front Pharmacol	Frontiers	+++
SRC	ASV, SRC1, THC6, c-SRC, p60-Src	Critical	[Wu et al., 2023](https://pubmed.ncbi.nlm.nih.gov/37347115/)	COVID	Drug target	Front Endocrinol	Frontiers	+++
SRC	ASV, SRC1, THC6, c-SRC, p60-Src	Critical	[Naik et al., 2022](https://pubmed.ncbi.nlm.nih.gov/35444538/)	COVID	Drug target	Front Pharmacol	Frontiers	+++
SRC	ASV, SRC1, THC6, c-SRC, p60-Src	Critical	[Premkumar et al., 2023](https://pubmed.ncbi.nlm.nih.gov/37359008/)	COVID	Hub gene	Front Med	Frontiers	+++
SRC	ASV, SRC1, THC6, c-SRC, p60-Src	Critical	[Zou et al., 2021](https://pubmed.ncbi.nlm.nih.gov/34504502/)	COVID	Hub gene	Front Immunol	Frontiers	+++
SRC	ASV, SRC1, THC6, c-SRC, p60-Src	Critical	[Jiang et al., 2022](https://pubmed.ncbi.nlm.nih.gov/35754492/)	COVID	Critical gene	Front Pharmacol	Frontiers	+++
SRC	ASV, SRC1, THC6, c-SRC, p60-Src	Critical	[El-Arif et al., 2022](https://pubmed.ncbi.nlm.nih.gov/35408447/)	COVID	Cascate	Molecules	MDPI	+++
SRC	ASV, SRC1, THC6, c-SRC, p60-Src	Critical	[Tobi et al., 2023](https://pubmed.ncbi.nlm.nih.gov/37108697/)	COVID	Hub gene	Int J Biol Sci	MDPI	+++
SRC	ASV, SRC1, THC6, c-SRC, p60-Src	Critical	[Xie et al., 2020](https://pubmed.ncbi.nlm.nih.gov/33202598/)	COVID	Obesity and Heart Failure	Antioxidants	MDPI	+++
SRC	ASV, SRC1, THC6, c-SRC, p60-Src	Critical	[Meyer et al., 2021](https://pubmed.ncbi.nlm.nih.gov/34548480/)	COVID	Drug target	Nature Communications	Nature	+++
SRC	ASV, SRC1, THC6, c-SRC, p60-Src	Critical	[Su et al., 2022](https://pubmed.ncbi.nlm.nih.gov/35468896/)	COVID	Cascate	Signal Transduct Target Ther	Nature	+++
SRC	ASV, SRC1, THC6, c-SRC, p60-Src	Critical	[Tomazu et al., 2021](https://pubmed.ncbi.nlm.nih.gov/34009288/)	COVID	Drug target	Brief Bioinform	Oxford	+++
SRC	ASV, SRC1, THC6, c-SRC, p60-Src	Critical	[Kliche et al., 2021](https://pubmed.ncbi.nlm.nih.gov/33436498/)	COVID	Virus-host Interaction	Sci Signal	Science	+++
SRC	ASV, SRC1, THC6, c-SRC, p60-Src	Critical	[Zhang et al., 2022](https://pubmed.ncbi.nlm.nih.gov/35037831/)	COVID	Drug target	Bioengineered	Taylor & Francis	+++
SRC	ASV, SRC1, THC6, c-SRC, p60-Src	Critical	[Feng et al., 2022](https://pubmed.ncbi.nlm.nih.gov/35859316/)	COVID	Hub gene	Phytother Res	Wiley	+++
SRC	ASV, SRC1, THC6, c-SRC, p60-Src	Critical	[Wu et al., 2022](https://pubmed.ncbi.nlm.nih.gov/34931591/)	COVID	Drug target	Am J Chin Med	World Scientific	+++
TP53	BCC7, BMFS5, LFS1, P53, TRP125	Critical	[Dave et al., 2022](https://pubmed.ncbi.nlm.nih.gov/35749495/)	COVID	Drug target	Sci Adv	Science	++
TP53	BCC7, BMFS5, LFS1, P53, TRP56	Critical	[Gemmati et al., 2022](https://pubmed.ncbi.nlm.nih.gov/36531241/)	COVID	Vaccine target	Front Genet	Frontiers	++
TP53	BCC7, BMFS5, LFS1, P53, TRP100	Critical	[Yan & Wu, 2021](https://pubmed.ncbi.nlm.nih.gov/33368679/)	COVID	Cascade	FASEB	Wiley	+++
TP53	BCC7, BMFS5, LFS1, P53, TRP101	Critical	[Alnajeebi et al., 2022](https://pubmed.ncbi.nlm.nih.gov/34254909/)	COVID	Cascade - Lung cancer	Comb Chem High Throughput Screen	BenthamScience	+++
TP53	BCC7, BMFS5, LFS1, P53, TRP102	Critical	[Ramaiah, 2020](https://pubmed.ncbi.nlm.nih.gov/32835132/)	COVID	Drug target	Gene Rep	Gene Rep	+++
TP53	BCC7, BMFS5, LFS1, P53, TRP103	Critical	[Lodhi et al., 2021](https://pubmed.ncbi.nlm.nih.gov/34445373/)	COVID	Cascade	Int J Mol Sci	MDPI	+++
TP53	BCC7, BMFS5, LFS1, P53, TRP104	Critical	[Lodi et al., 2022](https://pubmed.ncbi.nlm.nih.gov/36582523/)	COVID	Drug target	Front Pharmacol	Frontiers	+++
TP53	BCC7, BMFS5, LFS1, P53, TRP105	Critical	[Jabeen et al., 2022](https://pubmed.ncbi.nlm.nih.gov/35480316/)	COVID	Drug target	Front Genet	Frontiers	+++
TP53	BCC7, BMFS5, LFS1, P53, TRP106	Critical	[Tanda et al., 2022](https://pubmed.ncbi.nlm.nih.gov/34984625/)	COVID	Cascade - Thyroid sarcoma	J Endocrinol Invest	Springer-Link	+++
TP53	BCC7, BMFS5, LFS1, P53, TRP107	Critical	[Gegotek, et al., 2023](https://pubmed.ncbi.nlm.nih.gov/37762413/)	COVID	Cascade	Int J Mol Sci	MDPI	+++
TP53	BCC7, BMFS5, LFS1, P53, TRP108	Critical	[Zhuang et al., 2022](https://pubmed.ncbi.nlm.nih.gov/35721149/)	COVID	Drug target	Front Pharmacol	Frontiers	+++
TP53	BCC7, BMFS5, LFS1, P53, TRP109	Critical	[Das & Mukhopadhyay, 2023](https://pubmed.ncbi.nlm.nih.gov/35333136/)	COVID	Drug target - Cancer	J Biomol Struc Dyn	J Biomol Struc Dyn	+++
TP53	BCC7, BMFS5, LFS1, P53, TRP110	Critical	[Singh & Singh, 2020](https://pubmed.ncbi.nlm.nih.gov/32619819/)	COVID	Interaction - Cancer	Transl Oncol	Elsevier	+++
TP53	BCC7, BMFS5, LFS1, P53, TRP111	Critical	[Bando et al., 2023](https://pubmed.ncbi.nlm.nih.gov/36650374/)	COVID	Interaction - Drug Target - Inflammation	Sci Rep	Nature	+++
TP53	BCC7, BMFS5, LFS1, P53, TRP112	Critical	[Kubra & Barabutis, 2022](https://pubmed.ncbi.nlm.nih.gov/35998257/)	COVID	Interaction - ARDS	Cell Biol Int	Wiley	+++
TP53	BCC7, BMFS5, LFS1, P53, TRP113	Critical	[Khanal et al., 2022](https://pubmed.ncbi.nlm.nih.gov/33250601/)	COVID	Drug target	J Ayurveda Integr Med 	Elsevier	+++
TP53	BCC7, BMFS5, LFS1, P53, TRP114	Critical	[Bordoni et al., 2021](https://pubmed.ncbi.nlm.nih.gov/33578018/)	COVID	Expression	Int J Infect Dis	Elsevier	+++
TP53	BCC7, BMFS5, LFS1, P53, TRP115	Critical	[Kumar et al., 2022](https://pubmed.ncbi.nlm.nih.gov/35632779/)	COVID	Drug target	Viruses	MDPI	+++
TP53	BCC7, BMFS5, LFS1, P53, TRP116	Critical	[Wang et al., 2023](https://pubmed.ncbi.nlm.nih.gov/37047343/)	COVID	Interaction	Int J Mol Sci	MDPI	+++
TP53	BCC7, BMFS5, LFS1, P53, TRP117	Critical	[Zauli et al., 2022](https://pubmed.ncbi.nlm.nih.gov/35911386/)	COVID	Hub gene	Front Med	Frontiers	+++
TP53	BCC7, BMFS5, LFS1, P53, TRP118	Critical	[Saini et al., 2020](https://pubmed.ncbi.nlm.nih.gov/32802902/)	COVID	Hub gene - Enrichment Analysis	Mol Biol Res Commun	Mol Biol Res Commun	+++
TP53	BCC7, BMFS5, LFS1, P53, TRP119	Critical	[Fu et al., 2023](https://pubmed.ncbi.nlm.nih.gov/37037848/)	COVID	Drug target	Sci Rep	Nature	+++
TP53	BCC7, BMFS5, LFS1, P53, TRP121	Critical	[Chattopadhyay et al., 2022](https://pubmed.ncbi.nlm.nih.gov/36037221/)	COVID	Drug target	PLoS Genetics	PLoS Genetics	+++
TP53	BCC7, BMFS5, LFS1, P53, TRP122	Critical	[Fayyad-Kazan et al., 2023](https://pubmed.ncbi.nlm.nih.gov/37380930/)	COVID	Drug target	Ach Virol	Springer-Link	+++
TP53	BCC7, BMFS5, LFS1, P53, TRP123	Critical	[Wang et al., 2020](https://pubmed.ncbi.nlm.nih.gov/32271454/)	COVID	Hub gene - PPI	Eur Rev Med Pharmacol Sci	ERMPS	+++
TP53	BCC7, BMFS5, LFS1, P53, TRP124	Critical	[Chen et al., 2023](https://pubmed.ncbi.nlm.nih.gov/37222960/)	COVID	Cascade	Biochem Genet	Springer-Link	+++
TP53	BCC7, BMFS5, LFS1, P53, TRP126	Critical	[Cardozo & Hainaut, 2021](https://pubmed.ncbi.nlm.nih.gov/33405482/)	COVID	Hub gene	Curr Opin Oncol	Curr Opin Oncol	+++
TP53	BCC7, BMFS5, LFS1, P53, TRP127	Critical	[Bortot et al., 2022](https://pubmed.ncbi.nlm.nih.gov/35668941/)	Long-COVID	Drug target	Front Pharmacol	Frontiers	+++
TP53	BCC7, BMFS5, LFS1, P53, TRP128	Critical	[Zhou et al., 2022](https://pubmed.ncbi.nlm.nih.gov/35759228/)	COVID	Expression	Immun Inflamm Dis	Wiley	+++
TP53	BCC7, BMFS5, LFS1, P53, TRP129	Critical	[Miller et al., 2021](https://pubmed.ncbi.nlm.nih.gov/34012108/)	COVID	Drug target	Sci Rep	Nature	+++
TP53	BCC7, BMFS5, LFS1, P53, TRP130	Critical	[Kuruppuarachchi et al., 2022](https://pubmed.ncbi.nlm.nih.gov/36472114/)	COVID	Expression	Front Biosci	IMR Press	+++
TP53	BCC7, BMFS5, LFS1, P53, TRP131	Critical	[Kwan et al., 2021](https://pubmed.ncbi.nlm.nih.gov/34116667/)	COVID	Transcriptome	BMC Med Genomics	BMC	+++
TP53	BCC7, BMFS5, LFS1, P53, TRP132	Critical	[Helmi et al., 2022](https://pubmed.ncbi.nlm.nih.gov/34348612/)	COVID	Interaction - Diabetes	Comb Chem High Throughput Screen	BenthamScience	+++
TP53	BCC7, BMFS5, LFS1, P53, TRP133	Critical	[Yang et al., 2022](https://pubmed.ncbi.nlm.nih.gov/35159296/)	COVID	Cascade	Cells	MDPI	+++
TP53	BCC7, BMFS5, LFS1, P53, TRP134	Critical	[Bonnet et al., 2022](https://pubmed.ncbi.nlm.nih.gov/35085325/)	COVID	Drug repurposing	PLoS One	PLoS One	++
TP53	BCC7, BMFS5, LFS1, P53, TRP135	Critical	[Patil et al., 2021](https://pubmed.ncbi.nlm.nih.gov/33363251/)	COVID	Drug target	Inform Med Unlocked	Inform Med Unlocked	+++
TP53	BCC7, BMFS5, LFS1, P53, TRP136	Critical	[Khanal et al., 2021](https://pubmed.ncbi.nlm.nih.gov/35424441/)	COVID	Drug target	RSC Adv	RSC	+++
TP53	BCC7, BMFS5, LFS1, P53, TRP137	Critical	[Polozov et al., 2023](https://pubmed.ncbi.nlm.nih.gov/37152486/)	COVID	Expression	Adv Radiat Oncol	Elsevier	+++
TP53	BCC7, BMFS5, LFS1, P53, TRP138	Critical	[Gupta & Mohanty, 2021](https://pubmed.ncbi.nlm.nih.gov/33839740/)	COVID	Hub gene	Brief Bioinform	Oxford	++
TP53	BCC7, BMFS5, LFS1, P53, TRP53	Critical	[Lee et al., 2023](https://pubmed.ncbi.nlm.nih.gov/37991919/)	COVID	Cascate	Cell Rep	CellPress	+++
TP53	BCC7, BMFS5, LFS1, P53, TRP53	Critical	[Gomez-Carballa et al., 2022](https://pubmed.ncbi.nlm.nih.gov/35961462/)	COVID	Hub gene - Oncogene	J Infect	Elsevier	+++
TP53	BCC7, BMFS5, LFS1, P53, TRP54	Critical	[Ghosh et al., 2021](https://pubmed.ncbi.nlm.nih.gov/34655901/)	COVID	Hub gene	Compt Biol Med	Elsevier	+++
TP53	BCC7, BMFS5, LFS1, P53, TRP55	Critical	[Zhang Yue et al., 2021](https://pubmed.ncbi.nlm.nih.gov/33756342/)	COVID	Hub gene - Oncogene	Biochem Biophys Res Commun	Elsevier	+++
TP53	BCC7, BMFS5, LFS1, P53, TRP57	Critical	[Lv et al., 2022](https://pubmed.ncbi.nlm.nih.gov/36189286/)	COVID	Hub gene	Front Immunol	Frontiers	+++
TP53	BCC7, BMFS5, LFS1, P53, TRP58	Critical	[Wang Z et al., 2022](https://pubmed.ncbi.nlm.nih.gov/36618410/)	COVID	Drug target	Fron Immunol	Frontiers	+++
TP53	BCC7, BMFS5, LFS1, P53, TRP59	Critical	[Premkumar et al., 2023](https://pubmed.ncbi.nlm.nih.gov/37359008/)	COVID	Hub gene - Alzheimer	Front Med	Frontiers	+++
TP53	BCC7, BMFS5, LFS1, P53, TRP60	Critical	[Mauro et al., 2023](https://pubmed.ncbi.nlm.nih.gov/37296954/)	COVID	Hub gene	Cancers	MDPI	+++
TP53	BCC7, BMFS5, LFS1, P53, TRP61	Critical	[Harford et al., 2022](https://pubmed.ncbi.nlm.nih.gov/35458469/)	COVID	Drug target	Viruses	MDPI	+++
TP53	BCC7, BMFS5, LFS1, P53, TRP62	Critical	[Heydemann et al., 2023](https://pubmed.ncbi.nlm.nih.gov/37277327/)	Long-COVID	Hub gene	Nature Communications	Nature	+++
TP53	BCC7, BMFS5, LFS1, P53, TRP63	Critical	[Xiong et al., 2020](https://pubmed.ncbi.nlm.nih.gov/32228226/)	COVID	Expression	Emerg Microbes Infect	Taylor & Francis	+++
TP53	BCC7, BMFS5, LFS1, P53, TRP64	Critical	[Zhang Ge et al., 2022](https://pubmed.ncbi.nlm.nih.gov/35727093/)	COVID	Critical gene	ESC Heart Fail	Wiley	+++
TP53	BCC7, BMFS5, LFS1, P53, TRP65	Critical	[Lin H et al., 2021](https://pubmed.ncbi.nlm.nih.gov/33452734/)	COVID	Hub gene	Phytother Res	Wiley	+++
TP53	BCC7, BMFS5, LFS1, P53, TRP66	Critical	[Qin et al., 2021](https://pubmed.ncbi.nlm.nih.gov/33241658/)	COVID	Drug target	J Cell Mol Med	Wiley	+++
TP53	BCC7, BMFS5, LFS1, P53, TRP67	Critical	[Tiwari et al., 2022](https://pubmed.ncbi.nlm.nih.gov/33506741/)	COVID	Cascate	J Biomol Struc Dyn	J Biomol Struc Dyn	+++
TP53	BCC7, BMFS5, LFS1, P53, TRP68	Critical	[Huoman et al., 2022](https://pubmed.ncbi.nlm.nih.gov/35758003/)	COVID	Hub gene	Epigenetics	Taylor & Francis	+++
TP53	BCC7, BMFS5, LFS1, P53, TRP69	Critical	[Ahmed et al., 2022](https://pubmed.ncbi.nlm.nih.gov/35390032/)	COVID	Hub gene	PLoS One	PLoS One	+++
TP53	BCC7, BMFS5, LFS1, P53, TRP70	Critical	[Eyleten et al., 2022](https://pubmed.ncbi.nlm.nih.gov/35938548/)	COVID	Hub gene - Trombosis	RNA Biol	Taylor & Francis	+++
TP53	BCC7, BMFS5, LFS1, P53, TRP71	Critical	[Mosharaf et al., 2022](https://pubmed.ncbi.nlm.nih.gov/36016137/)	COVID	Hub gene - PPI	Vaccines	MDPI	+++
TP53	BCC7, BMFS5, LFS1, P53, TRP72	Critical	[Bergsneider et al., 2021](https://pubmed.ncbi.nlm.nih.gov/34307909/)	COVID	Hub gene	Biochem Biophys Res Commun	Elsevier	+++
TP53	BCC7, BMFS5, LFS1, P53, TRP73	Critical	[Xie et al., 2022](https://pubmed.ncbi.nlm.nih.gov/35069542/)	COVID	Drug target - Asthma	Front Immunol	Frontiers	+++
TP53	BCC7, BMFS5, LFS1, P53, TRP74	Critical	[Zhao et al., 2021](https://pubmed.ncbi.nlm.nih.gov/34366686/)	COVID	Hub gene - Parkinson	Saudi J Biol Sci	Elsevier	+++
TP53	BCC7, BMFS5, LFS1, P53, TRP75	Critical	[Shahjaman et al., 2021](https://pubmed.ncbi.nlm.nih.gov/34423108/)	COVID	Hub gene - PPI	Inform Med Unlocked	Inform Med Unlocked	+++
TP53	BCC7, BMFS5, LFS1, P53, TRP76	Critical	[Jiao et al., 2022](https://pubmed.ncbi.nlm.nih.gov/36268464/)	COVID	Drug target	ACS Omega	ACS Omega	+++
TP53	BCC7, BMFS5, LFS1, P53, TRP77	Critical	[Zhuang et al., 2021](https://pubmed.ncbi.nlm.nih.gov/33135607/)	COVID	Drug target	Comb Chem High Throughput Screen	BenthamScience	+++
TP53	BCC7, BMFS5, LFS1, P53, TRP78	Critical	[Xiong et al., 2023](https://pubmed.ncbi.nlm.nih.gov/37504265/)	COVID	Hub gene - Cancer	Curr Issues Mol Biol	MDPI	+++
TP53	BCC7, BMFS5, LFS1, P53, TRP79	Critical	[Vastrad et al., 2020](https://pubmed.ncbi.nlm.nih.gov/33251083/)	COVID	Hub gene	3 Biotech	Springer-Link	+++
TP53	BCC7, BMFS5, LFS1, P53, TRP80	Critical	[Mishra et al., 2020](https://pubmed.ncbi.nlm.nih.gov/33354650/)	COVID	Drug target	TH Open	Theme Connect	+++
TP53	BCC7, BMFS5, LFS1, P53, TRP81	Critical	[Tao et al., 2020](https://pubmed.ncbi.nlm.nih.gov/32643448/)	COVID	Drug target	Drug Dev Ind Pharm	Taylor & Francis	+++
TP53	BCC7, BMFS5, LFS1, P53, TRP82	Critical	[Lang et al., 2022](https://pubmed.ncbi.nlm.nih.gov/35855804/)	COVID	Drug target	Comput Intell Neurosci	Hindawi	+++
TP53	BCC7, BMFS5, LFS1, P53, TRP83	Critical	[Hossain et al., 2023](https://pubmed.ncbi.nlm.nih.gov/37346467/)	COVID	Drug target	Inform Med Unlocked	Inform Med Unlocked	+++
TP53	BCC7, BMFS5, LFS1, P53, TRP84	Critical	[Wang et al., 2021](https://pubmed.ncbi.nlm.nih.gov/34455301/)	COVID	Drug target	Bioorg Chem	Elsevier	+++
TP53	BCC7, BMFS5, LFS1, P53, TRP85	Critical	[Liu et al., 2021](https://pubmed.ncbi.nlm.nih.gov/33517789/)	COVID	Drug target	Drug Deliv	Taylor & Francis	+++
TP53	BCC7, BMFS5, LFS1, P53, TRP86	Critical	[Du et al., 2021](https://pubmed.ncbi.nlm.nih.gov/34088885/)	COVID	Drug target	Aging Dis	Aging Dis	+++
TP53	BCC7, BMFS5, LFS1, P53, TRP87	Critical	[Zhang Ze-Yu et al., 2022](https://pubmed.ncbi.nlm.nih.gov/35603378/)	COVID	Drug target	Math Biosci Eng	MBE	+++
TP53	BCC7, BMFS5, LFS1, P53, TRP88	Critical	[Oliveira et al., 2024](https://pubmed.ncbi.nlm.nih.gov/38262689/)	COVID	Drug target	Life Sci Alliance	Life Sci Alliance	+++
TP53	BCC7, BMFS5, LFS1, P53, TRP89	Critical	[Wicik et al., 2020](https://pubmed.ncbi.nlm.nih.gov/33233425/)	COVID	Drug target	J Clin Med	MDPI	+++
TP53	BCC7, BMFS5, LFS1, P53, TRP90	Critical	[Hasankhani et al., 2021](https://pubmed.ncbi.nlm.nih.gov/34975885/)	COVID	Hub gene - PPI	Front Immunol	Frontiers	+++
TP53	BCC7, BMFS5, LFS1, P53, TRP91	Critical	[Zhu et al., 2021](https://pubmed.ncbi.nlm.nih.gov/33520684/)	COVID	Hub gene	J Tradit Complement Med	J Tradit Complement Med	+++
TP53	BCC7, BMFS5, LFS1, P53, TRP92	Critical	[Hu et al., 2021](https://pubmed.ncbi.nlm.nih.gov/34220524/)	COVID	Drug target	Front Pharmacol	Frontiers	+++
TP53	BCC7, BMFS5, LFS1, P53, TRP93	Critical	[Harford, 2023](https://pubmed.ncbi.nlm.nih.gov/38140618/)	COVID	Hub gene	Viruses	MDPI	+++
TP53	BCC7, BMFS5, LFS1, P53, TRP94	Critical	[Major et al., 2020](https://pubmed.ncbi.nlm.nih.gov/32527928/)	COVID	Hub gene - Disrupt lung epithelial	Science	Science	+++
TP53	BCC7, BMFS5, LFS1, P53, TRP95	Critical	[Pan et al., 2023](https://pubmed.ncbi.nlm.nih.gov/37036856/)	COVID	Hub gene	PLoS One	PLoS One	+++
TP53	BCC7, BMFS5, LFS1, P53, TRP96	Critical	[Milani et al., 2022](https://pubmed.ncbi.nlm.nih.gov/35721196/)	COVID	Drug target	Front Pharmacol	Frontiers	+++
TP53	BCC7, BMFS5, LFS1, P53, TRP97	Critical	[Merino et al., 2023](https://pubmed.ncbi.nlm.nih.gov/36740097/)	COVID	Cascade	Antiviral Red	Elsevier	+++
TP53	BCC7, BMFS5, LFS1, P53, TRP98	Critical	[Rahaman et al., 2021](https://pubmed.ncbi.nlm.nih.gov/34320442/)	COVID	Enrichment Analysis	Comput Biol Med	Elsevier	+++
TP53	BCC7, BMFS5, LFS1, P53, TRP99	Critical	[Kyriakopoulos et al., 2022](https://pubmed.ncbi.nlm.nih.gov/36514706/)	COVID	Cascade	Cureus	Cureus	+++
TRAF2	MGC:45012, RNF117, TRAP, TRAP3	Critical	[Bansal et al., 2023](https://pubmed.ncbi.nlm.nih.gov/37223306/)	COVID	Expression	Indian J Clin Biochem	Indian J Clin Biochem	+++
TRAF2	MGC:45012, RNF117, TRAP, TRAP3	Critical	[Allan-Blitz et al., 2023](https://pubmed.ncbi.nlm.nih.gov/37061998/)	Long-COVID	Expression	Clin Exp Med	Springer-Link	+++
YWHAZ	14-3-3GAMMA, DEE56, EIEE56, PPP1R170	Critical	[Vavougios et al., 2020](https://pubmed.ncbi.nlm.nih.gov/33254518/)	COVID	Neurotropism	Med Hypotheses	Elsevier	+++
YWHAZ	14-3-3GAMMA, DEE56, EIEE56, PPP1R170	Critical	[Chen et al., 2022](https://pubmed.ncbi.nlm.nih.gov/35896532/)	COVID	Hub gene - Vaccine	PeerJ	PeerJ	+++
