clusterNum	maxK	pItem	pFeature	clusterAlg	distance	avg_silhouette_width
2	6	0.9	1	pam	pearson	0.988003853
2	7	0.9	1	hc	maximum	0.985246117
2	5	0.9	1	hc	maximum	0.983912424
2	6	0.8	1	hc	maximum	0.976780987
2	6	0.9	0.9	hc	maximum	0.975142225
2	7	0.8	1	pam	pearson	0.974149303
2	5	0.8	1	pam	pearson	0.972804767
2	5	0.8	0.9	hc	maximum	0.970175258
2	7	0.7	1	hc	maximum	0.969441287
2	5	0.7	1	hc	maximum	0.968870255
2	7	0.8	0.9	hc	maximum	0.968646424
2	5	0.9	0.8	hc	maximum	0.967685731
2	7	0.9	0.8	hc	maximum	0.967623999
2	6	0.7	0.9	hc	maximum	0.962117074
2	6	0.9	0.7	hc	maximum	0.959709409
2	6	0.8	0.8	hc	maximum	0.959124379
2	6	0.6	1	hc	maximum	0.957915231
2	5	0.8	0.7	hc	maximum	0.957125403
2	7	0.7	0.8	hc	maximum	0.956332471
2	7	0.8	0.7	hc	maximum	0.95607192
2	7	0.9	0.6	hc	maximum	0.955760059
2	6	0.7	1	pam	pearson	0.955427199
2	5	0.7	0.8	hc	maximum	0.955180067
2	5	0.9	0.6	hc	maximum	0.954600249
2	5	0.6	0.9	hc	maximum	0.95304468
2	6	0.7	0.7	hc	maximum	0.951875616
2	6	0.8	0.6	hc	maximum	0.951748928
2	7	0.6	0.9	hc	maximum	0.951012678
2	5	0.7	0.6	hc	maximum	0.948954381
2	5	0.5	1	hc	maximum	0.946640119
2	6	0.6	0.8	hc	maximum	0.945981033
2	7	0.8	0.5	hc	maximum	0.945592689
2	7	0.6	0.7	hc	maximum	0.944005203
2	6	0.9	0.5	hc	maximum	0.943817632
2	7	0.5	1	hc	maximum	0.943345085
2	7	0.7	0.6	hc	maximum	0.942186743
2	5	0.6	0.7	hc	maximum	0.941968408
2	7	0.6	1	pam	pearson	0.941410431
2	5	0.8	0.5	hc	maximum	0.940822774
2	6	0.5	0.9	hc	maximum	0.940669437
2	7	0.5	0.8	hc	maximum	0.937878907
2	5	0.6	1	pam	pearson	0.936359116
2	6	0.7	0.5	hc	maximum	0.935740956
2	5	0.9	0.9	pam	pearson	0.935300867
2	5	0.5	0.8	hc	maximum	0.934560773
2	7	0.9	0.9	pam	pearson	0.934498166
2	7	0.6	0.5	hc	maximum	0.933562836
2	5	0.5	0.6	hc	maximum	0.932707515
2	5	0.6	0.5	hc	maximum	0.931850484
2	6	0.6	0.6	hc	maximum	0.928395409
2	6	0.5	0.7	hc	maximum	0.925853076
2	6	0.8	0.9	pam	pearson	0.925381281
2	6	0.5	1	pam	pearson	0.924506763
2	7	0.7	0.9	pam	pearson	0.921416097
2	7	0.5	0.6	hc	maximum	0.920717501
2	5	0.7	0.9	pam	pearson	0.920171775
2	6	0.6	0.9	pam	pearson	0.91463025
2	6	0.5	0.5	hc	maximum	0.909499132
2	7	0.5	0.9	pam	pearson	0.902242578
2	5	0.5	0.9	pam	pearson	0.898825798
2	6	0.9	0.8	pam	pearson	0.896522011
2	7	0.8	0.8	pam	pearson	0.892985691
2	6	0.7	0.8	pam	pearson	0.892477871
2	5	0.8	0.8	pam	pearson	0.887856926
2	5	0.6	0.8	pam	pearson	0.885856456
2	7	0.6	0.8	pam	pearson	0.877118354
2	6	0.5	0.8	pam	pearson	0.869219328
2	7	0.9	0.7	pam	pearson	0.864788945
2	5	0.9	0.7	pam	pearson	0.862664709
2	6	0.9	1	hc	pearson	0.861784881
2	6	0.8	0.7	pam	pearson	0.85746234
2	5	0.7	0.7	pam	pearson	0.856043502
2	7	0.7	0.7	pam	pearson	0.855325651
2	7	0.9	1	pam	maximum	0.846141904
2	6	0.6	0.7	pam	pearson	0.844107774
2	5	0.9	1	pam	maximum	0.839645523
2	7	0.5	0.7	pam	pearson	0.834110561
2	5	0.5	0.7	pam	pearson	0.828869715
2	5	0.8	0.6	pam	pearson	0.818890126
2	6	0.9	0.6	pam	pearson	0.815041589
2	6	0.7	0.6	pam	pearson	0.812924581
2	7	0.8	0.6	pam	pearson	0.81179387
2	7	0.8	1	hc	pearson	0.804224133
2	7	0.6	0.6	pam	pearson	0.803772023
2	5	0.8	1	hc	pearson	0.793895911
2	5	0.6	0.6	pam	pearson	0.793334258
2	6	0.5	0.6	pam	pearson	0.792454492
2	6	0.7	1	hc	pearson	0.786873758
2	5	0.7	0.5	pam	pearson	0.767004074
2	7	0.9	0.5	pam	pearson	0.764132747
2	6	0.8	0.5	pam	pearson	0.759307246
2	5	0.9	0.9	hc	pearson	0.759007788
2	5	0.6	1	hc	pearson	0.758843296
2	6	0.5	1	hc	pearson	0.758757579
2	5	0.9	0.5	pam	pearson	0.758351248
2	7	0.9	0.9	hc	pearson	0.7546648
2	7	0.6	1	hc	pearson	0.754043379
2	7	0.7	0.5	pam	pearson	0.752131276
2	7	0.5	0.5	pam	pearson	0.742584495
2	5	0.7	0.9	hc	pearson	0.738543084
2	6	0.8	0.9	hc	pearson	0.738304926
2	6	0.6	0.9	hc	pearson	0.732465364
2	7	0.7	0.9	hc	pearson	0.731197426
2	5	0.5	0.5	pam	pearson	0.728843123
2	6	0.6	0.5	pam	pearson	0.726077948
2	7	0.5	0.9	hc	pearson	0.721995264
2	5	0.8	0.8	hc	pearson	0.721622874
2	6	0.7	0.8	hc	pearson	0.714818219
2	7	0.6	0.8	hc	pearson	0.709011638
2	6	0.9	0.8	hc	pearson	0.708410392
2	6	0.8	1	pam	maximum	0.706895608
2	6	0.5	0.8	hc	pearson	0.703404221
2	7	0.8	0.8	hc	pearson	0.703107965
2	5	0.6	0.8	hc	pearson	0.69345106
2	5	0.5	0.9	hc	pearson	0.690270265
2	5	0.9	0.7	hc	pearson	0.686252534
2	6	0.8	0.7	hc	pearson	0.684724446
2	7	0.9	0.7	hc	pearson	0.670637667
2	5	0.7	0.7	hc	pearson	0.669027893
2	6	0.6	0.7	hc	pearson	0.660794044
2	5	0.5	0.7	hc	pearson	0.659495879
2	7	0.7	0.7	hc	pearson	0.656025559
2	7	0.5	0.7	hc	pearson	0.655198259
2	5	0.7	1	pam	maximum	0.635210937
2	6	0.5	0.6	hc	pearson	0.633978268
2	6	0.9	0.6	hc	pearson	0.632378014
2	5	0.8	0.6	hc	pearson	0.631417083
2	7	0.8	0.6	hc	pearson	0.6257933
2	6	0.7	0.6	hc	pearson	0.620674122
2	5	0.6	0.6	hc	pearson	0.61926602
2	7	0.6	0.6	hc	pearson	0.614273383
2	7	0.7	1	pam	maximum	0.604911875
2	7	0.9	0.5	hc	pearson	0.597156262
2	5	0.9	0.5	hc	pearson	0.595393648
2	5	0.7	0.5	hc	pearson	0.592472766
2	7	0.5	0.5	hc	pearson	0.590341075
2	6	0.8	0.5	hc	pearson	0.589835214
2	5	0.5	0.5	hc	pearson	0.589104791
2	6	0.6	0.5	hc	pearson	0.587151056
2	7	0.7	0.5	hc	pearson	0.579449797
2	6	0.9	0.9	pam	maximum	0.546191898
2	7	0.8	0.9	pam	maximum	0.523965819
2	6	0.6	1	pam	maximum	0.518286875
2	5	0.8	0.9	pam	maximum	0.498529759
2	5	0.5	1	pam	maximum	0.451954279
2	6	0.7	0.9	pam	maximum	0.448874757
2	7	0.9	0.8	pam	maximum	0.438398518
2	7	0.5	1	pam	maximum	0.436976772
2	5	0.9	0.8	pam	maximum	0.436552248
2	5	0.6	0.9	pam	maximum	0.436067005
2	6	0.8	0.8	pam	maximum	0.430200129
2	7	0.6	0.9	pam	maximum	0.421687594
2	6	0.5	0.9	pam	maximum	0.419667755
2	5	0.7	0.8	pam	maximum	0.401406003
2	6	0.6	0.8	pam	maximum	0.379126587
2	7	0.7	0.8	pam	maximum	0.378650147
2	5	0.8	0.7	pam	maximum	0.367660128
2	6	0.9	0.7	pam	maximum	0.365190251
2	7	0.5	0.8	pam	maximum	0.36241404
2	7	0.8	0.7	pam	maximum	0.346291532
2	5	0.5	0.8	pam	maximum	0.346064141
2	6	0.7	0.7	pam	maximum	0.329995659
2	5	0.9	0.6	pam	maximum	0.321478249
2	5	0.6	0.7	pam	maximum	0.316419159
2	7	0.6	0.7	pam	maximum	0.316045024
2	6	0.8	0.6	pam	maximum	0.307414929
2	7	0.9	0.6	pam	maximum	0.302259285
2	7	0.7	0.6	pam	maximum	0.293903223
2	6	0.5	0.7	pam	maximum	0.291147427
2	6	0.9	0.5	pam	maximum	0.289457973
2	5	0.5	0.6	pam	maximum	0.283329007
2	7	0.5	0.6	pam	maximum	0.28064575
2	7	0.8	0.5	pam	maximum	0.277722379
2	6	0.7	0.5	pam	maximum	0.276833236
2	6	0.5	0.5	pam	maximum	0.273634052
2	5	0.8	0.5	pam	maximum	0.272081847
2	5	0.7	0.6	pam	maximum	0.262418948
2	5	0.6	0.5	pam	maximum	0.259863915
2	7	0.6	0.5	pam	maximum	0.259313824
2	6	0.6	0.6	pam	maximum	0.252472571
3	5	0.9	1	pam	canberra	0.872275891
3	7	0.9	1	pam	canberra	0.855392298
3	5	0.9	1	hc	canberra	0.851753688
3	7	0.9	1	hc	canberra	0.817686183
3	6	0.8	1	hc	canberra	0.804114245
3	6	0.9	1	hc	spearman	0.793060993
3	6	0.9	1	pam	spearman	0.780510154
3	5	0.7	1	hc	canberra	0.763135325
3	7	0.7	1	hc	canberra	0.761530334
3	6	0.8	1	pam	canberra	0.760832438
3	6	0.9	0.9	hc	canberra	0.748452247
3	7	0.8	0.9	hc	canberra	0.746823271
3	6	0.6	1	hc	canberra	0.742737977
3	7	0.8	1	hc	spearman	0.739326899
3	5	0.8	0.9	hc	canberra	0.734001981
3	5	0.8	1	pam	spearman	0.733782822
3	5	0.9	0.8	hc	canberra	0.73260254
3	7	0.8	1	pam	spearman	0.732321449
3	6	0.7	0.9	hc	canberra	0.731894222
3	5	0.5	1	hc	canberra	0.730663902
3	5	0.8	1	hc	spearman	0.730463967
3	7	0.5	1	hc	canberra	0.726592757
3	7	0.9	0.8	hc	canberra	0.725940987
3	5	0.6	0.9	hc	canberra	0.71369458
3	7	0.7	0.8	hc	canberra	0.711980035
3	7	0.6	0.9	hc	canberra	0.71151674
3	6	0.8	0.8	hc	canberra	0.703657219
3	6	0.7	1	hc	spearman	0.698384427
3	6	0.7	1	pam	spearman	0.697145606
3	7	0.8	0.7	hc	canberra	0.69102162
3	6	0.6	0.8	hc	canberra	0.690965093
3	6	0.5	0.9	hc	canberra	0.690200475
3	5	0.7	0.8	hc	canberra	0.687402721
3	5	0.5	0.8	hc	canberra	0.682090407
3	7	0.5	0.8	hc	canberra	0.676767562
3	5	0.7	1	pam	canberra	0.676131707
3	5	0.6	1	hc	spearman	0.672115829
3	5	0.8	0.7	hc	canberra	0.671824813
3	5	0.9	0.9	hc	spearman	0.671084104
3	7	0.6	1	hc	spearman	0.670458975
3	6	0.9	0.7	hc	canberra	0.666278265
3	5	0.9	0.9	pam	spearman	0.665455302
3	7	0.7	1	pam	canberra	0.66384142
3	7	0.9	0.9	hc	spearman	0.662076525
3	5	0.6	0.7	hc	canberra	0.661568918
3	6	0.9	0.9	pam	canberra	0.653004147
3	7	0.6	0.7	hc	canberra	0.646442712
3	7	0.9	0.6	hc	canberra	0.644247538
3	6	0.5	1	hc	spearman	0.64377328
3	6	0.8	0.9	pam	spearman	0.643027671
3	5	0.6	1	pam	spearman	0.642552392
3	7	0.6	1	pam	spearman	0.641563326
3	6	0.8	0.9	hc	spearman	0.639202779
3	7	0.9	0.9	pam	spearman	0.638473861
3	6	0.7	0.7	hc	canberra	0.631822439
3	5	0.9	0.6	hc	canberra	0.631811684
3	7	0.7	0.6	hc	canberra	0.631367327
3	5	0.8	0.9	pam	canberra	0.630255275
3	6	0.8	0.6	hc	canberra	0.629000908
3	6	0.5	0.7	hc	canberra	0.626326533
3	5	0.7	0.9	hc	spearman	0.624300865
3	7	0.7	0.9	hc	spearman	0.622793756
3	7	0.5	0.6	hc	canberra	0.618785896
3	7	0.7	0.9	pam	spearman	0.617871797
3	7	0.8	0.9	pam	canberra	0.617365695
3	6	0.5	1	pam	spearman	0.613952039
3	5	0.7	0.6	hc	canberra	0.608248617
3	7	0.8	0.8	hc	spearman	0.605446989
3	5	0.8	0.8	hc	spearman	0.604729702
3	6	0.6	0.9	hc	spearman	0.603195169
3	5	0.5	0.9	pam	spearman	0.601035001
3	5	0.5	0.9	hc	spearman	0.600064557
3	6	0.6	1	pam	canberra	0.598490935
3	6	0.6	0.6	hc	canberra	0.598397829
3	5	0.7	0.9	pam	spearman	0.596302364
3	6	0.7	0.8	hc	spearman	0.594428859
3	6	0.9	0.5	hc	canberra	0.590392848
3	6	0.6	0.9	pam	spearman	0.589240558
3	7	0.9	0.8	pam	canberra	0.587725145
3	7	0.5	0.9	hc	spearman	0.586966471
3	6	0.9	0.8	hc	spearman	0.585807521
3	6	0.5	0.8	hc	spearman	0.579812394
3	5	0.6	0.5	hc	canberra	0.577652851
3	5	0.5	0.6	hc	canberra	0.577136063
3	6	0.9	0.8	pam	spearman	0.576423403
3	7	0.8	0.8	pam	spearman	0.576009599
3	6	0.5	0.5	hc	canberra	0.575840912
3	7	0.6	0.8	hc	spearman	0.574634987
3	6	0.6	0.7	hc	spearman	0.573551148
3	5	0.6	0.8	hc	spearman	0.572497563
3	7	0.8	0.5	hc	canberra	0.571331934
3	6	0.7	0.9	pam	canberra	0.571318186
3	5	0.8	0.5	hc	canberra	0.570770277
3	5	0.8	0.8	pam	spearman	0.569512331
3	5	0.9	0.8	pam	canberra	0.568361289
3	5	0.6	0.8	pam	spearman	0.567568075
3	6	0.7	0.5	hc	canberra	0.562989167
3	7	0.5	0.9	pam	spearman	0.558389681
3	7	0.6	0.5	hc	canberra	0.55766332
3	6	0.7	0.8	pam	spearman	0.557467926
3	5	0.9	0.7	hc	spearman	0.556738674
3	7	0.6	0.8	pam	spearman	0.555159198
3	6	0.8	0.7	hc	spearman	0.552460079
3	7	0.9	0.7	hc	spearman	0.551862955
3	5	0.7	0.7	hc	spearman	0.547386808
3	6	0.8	0.8	pam	canberra	0.542122626
3	7	0.9	0.7	pam	spearman	0.541605847
3	7	0.5	0.7	hc	spearman	0.539314955
3	7	0.7	0.7	hc	spearman	0.536223041
3	6	0.5	0.8	pam	spearman	0.529366606
3	6	0.8	0.7	pam	spearman	0.527314755
3	6	0.7	0.6	hc	spearman	0.521507688
3	5	0.7	0.7	pam	spearman	0.517110202
3	6	0.6	0.7	pam	spearman	0.516968094
3	5	0.6	0.6	hc	spearman	0.50661063
3	5	0.5	1	pam	canberra	0.5037892
3	6	0.9	0.6	hc	spearman	0.503447513
3	7	0.8	0.6	hc	spearman	0.502420253
3	5	0.8	0.6	hc	spearman	0.501718361
3	7	0.6	0.6	hc	spearman	0.50067183
3	5	0.5	0.7	pam	spearman	0.496497984
3	7	0.5	1	pam	canberra	0.495140334
3	6	0.5	0.6	hc	spearman	0.491270753
3	6	0.7	0.6	pam	spearman	0.489827975
3	5	0.5	0.7	hc	spearman	0.486847187
3	6	0.9	0.6	pam	spearman	0.485365967
3	7	0.7	0.7	pam	spearman	0.484627007
3	5	0.8	0.6	pam	spearman	0.484564309
3	5	0.6	0.6	pam	spearman	0.476845192
3	6	0.5	0.6	pam	spearman	0.474242458
3	5	0.6	0.9	pam	canberra	0.47361797
3	7	0.6	0.9	pam	canberra	0.472984186
3	5	0.7	0.8	pam	canberra	0.461843854
3	5	0.9	0.5	hc	spearman	0.459268912
3	6	0.5	0.9	pam	canberra	0.455699758
3	6	0.8	0.5	hc	spearman	0.45330303
3	7	0.7	0.8	pam	canberra	0.452457982
3	7	0.9	0.5	hc	spearman	0.450982008
3	7	0.7	0.5	hc	spearman	0.449576876
3	5	0.7	0.5	hc	spearman	0.44841241
3	5	0.9	0.5	pam	spearman	0.445454448
3	6	0.6	0.5	hc	spearman	0.444620654
3	6	0.6	0.8	pam	canberra	0.442792743
3	7	0.5	0.5	hc	spearman	0.438584452
3	5	0.5	0.5	hc	spearman	0.437098491
3	5	0.8	0.7	pam	canberra	0.434199315
3	5	0.5	0.8	pam	canberra	0.431700283
3	7	0.5	0.8	pam	canberra	0.431193634
3	6	0.9	0.7	pam	canberra	0.430196473
3	7	0.5	0.5	pam	spearman	0.428901271
3	6	0.7	0.7	pam	canberra	0.42792009
3	7	0.8	0.7	pam	canberra	0.42615165
3	5	0.6	0.7	pam	canberra	0.416910503
3	7	0.6	0.7	pam	canberra	0.414411405
3	6	0.6	0.5	pam	spearman	0.409074529
3	7	0.9	0.6	pam	canberra	0.404659924
3	5	0.9	0.7	pam	spearman	0.400465709
3	6	0.8	0.6	pam	canberra	0.396751887
3	7	0.7	0.6	pam	canberra	0.395360687
3	5	0.9	0.6	pam	canberra	0.392759875
3	7	0.5	0.7	pam	spearman	0.389929156
3	6	0.5	0.7	pam	canberra	0.385807736
3	7	0.8	0.6	pam	spearman	0.379468506
3	5	0.7	0.6	pam	canberra	0.378122838
3	6	0.6	0.6	pam	canberra	0.373698303
3	7	0.6	0.6	pam	spearman	0.364163218
3	6	0.9	0.5	pam	canberra	0.364139412
3	5	0.8	0.5	pam	canberra	0.356419917
3	7	0.8	0.5	pam	canberra	0.354621327
3	7	0.9	0.5	pam	spearman	0.353735209
3	6	0.7	0.5	pam	canberra	0.353644123
3	5	0.5	0.6	pam	canberra	0.351324098
3	5	0.7	0.5	pam	spearman	0.342132737
3	6	0.8	0.5	pam	spearman	0.341224521
3	7	0.5	0.6	pam	canberra	0.331613317
3	5	0.5	0.5	pam	spearman	0.327883445
3	7	0.6	0.5	pam	canberra	0.324314034
3	6	0.5	0.5	pam	canberra	0.317984435
3	5	0.6	0.5	pam	canberra	0.313790183
3	7	0.7	0.5	pam	spearman	0.313542826
4	6	0.9	0.9	pam	binary	0.976275323
4	6	0.9	0.5	hc	binary	0.976249094
4	7	0.9	0.8	pam	binary	0.976193457
4	5	0.9	0.8	hc	binary	0.976121252
4	7	0.9	0.8	hc	binary	0.976002418
4	5	0.9	0.8	pam	binary	0.97598136
4	7	0.9	1	hc	binary	0.975963083
4	6	0.9	0.9	hc	binary	0.975959319
4	6	0.9	0.7	pam	binary	0.975900044
4	5	0.9	1	hc	binary	0.975899748
4	5	0.9	1	pam	binary	0.975890965
4	5	0.9	0.6	pam	binary	0.975810598
4	6	0.9	0.7	hc	binary	0.975762997
4	7	0.9	1	pam	binary	0.975605026
4	6	0.9	0.5	pam	binary	0.975587175
4	7	0.9	0.6	pam	binary	0.975559165
4	7	0.9	0.6	hc	binary	0.975502248
4	5	0.9	0.6	hc	binary	0.975366442
4	6	0.8	0.6	hc	binary	0.97154593
4	5	0.8	0.7	hc	binary	0.971363421
4	6	0.8	0.6	pam	binary	0.971099108
4	5	0.8	0.5	pam	binary	0.971042397
4	7	0.8	0.9	pam	binary	0.971036522
4	7	0.8	0.7	hc	binary	0.970965272
4	5	0.8	0.7	pam	binary	0.970881228
4	5	0.8	0.9	pam	binary	0.970879739
4	6	0.8	1	hc	binary	0.970712028
4	6	0.8	1	pam	binary	0.970558056
4	6	0.8	0.8	pam	binary	0.970415632
4	7	0.8	0.5	hc	binary	0.970409352
4	5	0.8	0.9	hc	binary	0.970325832
4	7	0.8	0.9	hc	binary	0.970300539
4	7	0.8	0.7	pam	binary	0.970204532
4	5	0.8	0.5	hc	binary	0.970141873
4	6	0.8	0.8	hc	binary	0.969962473
4	7	0.8	0.5	pam	binary	0.968991381
4	5	0.7	1	pam	binary	0.965158208
4	5	0.7	1	hc	binary	0.964119284
4	6	0.7	0.7	hc	binary	0.964059617
4	6	0.7	0.5	hc	binary	0.964007885
4	6	0.7	0.9	hc	binary	0.963955168
4	6	0.7	0.7	pam	binary	0.963705349
4	5	0.7	0.8	pam	binary	0.963618319
4	7	0.7	0.8	pam	binary	0.963531682
4	7	0.7	0.8	hc	binary	0.963384754
4	7	0.7	1	pam	binary	0.963367095
4	7	0.7	1	hc	binary	0.963310501
4	6	0.7	0.9	pam	binary	0.963214805
4	7	0.7	0.6	hc	binary	0.963210015
4	6	0.7	0.5	pam	binary	0.96311231
4	7	0.7	0.6	pam	binary	0.962891252
4	5	0.7	0.6	hc	binary	0.962851213
4	5	0.7	0.6	pam	binary	0.962814982
4	5	0.7	0.8	hc	binary	0.962489912
4	6	0.6	0.6	pam	binary	0.954780313
4	6	0.6	1	hc	binary	0.954631101
4	6	0.6	0.8	hc	binary	0.954615128
4	6	0.6	0.6	hc	binary	0.954595879
4	6	0.6	1	pam	binary	0.954512392
4	7	0.6	0.7	hc	binary	0.954489181
4	7	0.6	0.7	pam	binary	0.954359328
4	5	0.6	0.5	pam	binary	0.954293418
4	5	0.6	0.7	pam	binary	0.954281528
4	7	0.6	0.9	hc	binary	0.95423213
4	7	0.6	0.9	pam	binary	0.954111082
4	5	0.6	0.9	pam	binary	0.953870376
4	5	0.6	0.7	hc	binary	0.953592901
4	7	0.6	0.5	pam	binary	0.953536251
4	5	0.6	0.9	hc	binary	0.953365312
4	7	0.6	0.5	hc	binary	0.953275183
4	5	0.6	0.5	hc	binary	0.953234496
4	6	0.6	0.8	pam	binary	0.952371408
4	5	0.5	0.8	hc	binary	0.943328808
4	6	0.5	0.9	pam	binary	0.942612444
4	5	0.5	0.8	pam	binary	0.942586201
4	7	0.5	0.8	hc	binary	0.942576722
4	7	0.5	1	pam	binary	0.942489886
4	5	0.5	0.6	hc	binary	0.94183665
4	5	0.5	0.6	pam	binary	0.941760996
4	7	0.5	0.6	hc	binary	0.941675236
4	6	0.5	0.5	pam	binary	0.941666276
4	6	0.5	0.7	hc	binary	0.941346098
4	6	0.5	0.7	pam	binary	0.941266046
4	6	0.5	0.5	hc	binary	0.941215746
4	5	0.5	1	pam	binary	0.941130701
4	7	0.5	1	hc	binary	0.940937279
4	7	0.5	0.8	pam	binary	0.940540487
4	5	0.5	1	hc	binary	0.940342088
4	6	0.5	0.9	hc	binary	0.940116185
4	7	0.5	0.6	pam	binary	0.939837879
4	5	0.9	0.9	hc	euclidean	0.873987355
4	6	0.9	0.8	hc	euclidean	0.873727578
4	6	0.7	1	hc	euclidean	0.871910081
4	6	0.9	1	hc	euclidean	0.871764114
4	7	0.9	0.9	hc	euclidean	0.869723848
4	5	0.8	1	hc	euclidean	0.868805861
4	6	0.8	0.9	hc	euclidean	0.865287909
4	7	0.8	1	hc	euclidean	0.864251359
4	5	0.8	0.8	hc	euclidean	0.862210056
4	5	0.7	0.9	hc	euclidean	0.856005775
4	6	0.9	1	pam	euclidean	0.856004293
4	7	0.9	0.7	hc	euclidean	0.848356609
4	5	0.9	0.7	hc	euclidean	0.844734207
4	7	0.7	0.9	hc	euclidean	0.844018851
4	7	0.6	1	hc	euclidean	0.841883592
4	6	0.7	0.8	hc	euclidean	0.841246784
4	7	0.8	0.8	hc	euclidean	0.837827635
4	5	0.6	1	hc	euclidean	0.83694427
4	6	0.8	0.7	hc	euclidean	0.836145611
4	6	0.9	0.6	hc	euclidean	0.833496398
4	5	0.7	0.7	hc	euclidean	0.829189475
4	6	0.6	0.9	hc	euclidean	0.828808546
4	7	0.8	0.6	hc	euclidean	0.827398836
4	7	0.7	0.7	hc	euclidean	0.823510821
4	5	0.6	0.8	hc	euclidean	0.8194127
4	6	0.5	1	hc	euclidean	0.818913069
4	6	0.7	0.6	hc	euclidean	0.818481946
4	5	0.5	0.9	hc	euclidean	0.817247882
4	7	0.9	0.5	hc	euclidean	0.817221144
4	5	0.8	0.6	hc	euclidean	0.81660997
4	7	0.6	0.8	hc	euclidean	0.810246837
4	6	0.6	0.7	hc	euclidean	0.810212415
4	6	0.8	0.5	hc	euclidean	0.80949728
4	5	0.7	0.5	hc	euclidean	0.803675418
4	7	0.5	0.9	hc	euclidean	0.799780113
4	7	0.6	0.6	hc	euclidean	0.799659491
4	5	0.6	0.6	hc	euclidean	0.799639048
4	5	0.9	0.5	hc	euclidean	0.795877964
4	7	0.7	0.5	hc	euclidean	0.794135408
4	7	0.5	0.7	hc	euclidean	0.791743855
4	6	0.5	0.8	hc	euclidean	0.790561885
4	5	0.5	0.7	hc	euclidean	0.788042015
4	6	0.5	0.6	hc	euclidean	0.777416605
4	5	0.8	1	pam	euclidean	0.744091012
4	7	0.5	0.5	hc	euclidean	0.743800875
4	6	0.6	0.5	hc	euclidean	0.738466182
4	7	0.8	1	pam	euclidean	0.736654486
4	5	0.5	0.5	hc	euclidean	0.721418884
4	5	0.9	0.9	pam	euclidean	0.656183726
4	7	0.9	0.9	pam	euclidean	0.626316688
4	6	0.7	1	pam	euclidean	0.595140588
4	6	0.8	0.9	pam	euclidean	0.543681992
4	5	0.6	1	pam	euclidean	0.535008438
4	6	0.9	0.8	pam	euclidean	0.512309134
4	7	0.6	1	pam	euclidean	0.501516703
4	5	0.7	0.9	pam	euclidean	0.490616631
4	7	0.7	0.9	pam	euclidean	0.488090135
4	7	0.8	0.8	pam	euclidean	0.472437786
4	5	0.8	0.8	pam	euclidean	0.46776202
4	6	0.6	0.9	pam	euclidean	0.426231815
4	5	0.9	0.7	pam	euclidean	0.409807413
4	7	0.9	0.7	pam	euclidean	0.407578975
4	6	0.7	0.8	pam	euclidean	0.397989033
4	6	0.8	0.7	pam	euclidean	0.380944869
4	7	0.6	0.8	pam	euclidean	0.364137414
4	6	0.5	1	pam	euclidean	0.358147817
4	7	0.5	0.9	pam	euclidean	0.348713647
4	5	0.6	0.8	pam	euclidean	0.344229654
4	7	0.7	0.7	pam	euclidean	0.338871922
4	5	0.5	0.9	pam	euclidean	0.327062964
4	5	0.7	0.7	pam	euclidean	0.316459971
4	6	0.5	0.8	pam	euclidean	0.313185738
4	6	0.9	0.6	pam	euclidean	0.309029242
4	6	0.6	0.7	pam	euclidean	0.286848741
4	6	0.7	0.6	pam	euclidean	0.277144147
4	7	0.5	0.7	pam	euclidean	0.269700877
4	5	0.8	0.6	pam	euclidean	0.265052142
4	7	0.8	0.6	pam	euclidean	0.247002236
4	5	0.5	0.7	pam	euclidean	0.24493315
4	5	0.6	0.6	pam	euclidean	0.242461813
4	6	0.8	0.5	pam	euclidean	0.237925368
4	5	0.7	0.5	pam	euclidean	0.236308562
4	5	0.9	0.5	pam	euclidean	0.234027143
4	7	0.9	0.5	pam	euclidean	0.228922801
4	5	0.5	0.5	pam	euclidean	0.221775149
4	7	0.5	0.5	pam	euclidean	0.218925595
4	6	0.5	0.6	pam	euclidean	0.214244729
4	7	0.6	0.6	pam	euclidean	0.187232247
4	6	0.6	0.5	pam	euclidean	0.186325457
4	7	0.7	0.5	pam	euclidean	0.150834489
5	6	0.6	1	hc	minkowski	0.842064978
5	6	0.9	1	hc	manhattan	0.84110454
5	7	0.9	1	pam	minkowski	0.841052273
5	5	0.9	1	hc	minkowski	0.832712543
5	5	0.9	0.8	hc	minkowski	0.814304938
5	5	0.9	0.6	hc	minkowski	0.811728683
5	5	0.8	0.7	hc	minkowski	0.81061368
5	5	0.9	1	pam	minkowski	0.810116483
5	6	0.7	0.9	hc	minkowski	0.810094411
5	7	0.8	0.7	hc	minkowski	0.808046017
5	6	0.9	0.7	hc	minkowski	0.806231712
5	6	0.8	0.6	hc	minkowski	0.802451754
5	7	0.5	1	hc	minkowski	0.800776421
5	7	0.9	0.6	hc	minkowski	0.800574715
5	6	0.8	1	hc	minkowski	0.797761318
5	6	0.8	0.8	hc	minkowski	0.795452511
5	6	0.7	0.7	hc	minkowski	0.79368841
5	7	0.9	1	hc	minkowski	0.791269267
5	5	0.8	0.9	hc	minkowski	0.787244466
5	7	0.9	0.8	hc	minkowski	0.787014191
5	6	0.9	0.9	hc	minkowski	0.786567576
5	5	0.8	0.5	hc	minkowski	0.778036033
5	7	0.8	0.9	hc	minkowski	0.774156198
5	6	0.5	0.9	hc	minkowski	0.772296119
5	6	0.9	0.5	hc	minkowski	0.771712144
5	7	0.7	0.8	hc	minkowski	0.76916104
5	7	0.8	0.5	hc	minkowski	0.767870163
5	5	0.7	1	hc	minkowski	0.766667325
5	5	0.6	0.9	hc	minkowski	0.765992183
5	7	0.9	0.7	hc	manhattan	0.765380521
5	7	0.7	1	hc	minkowski	0.763345345
5	7	0.7	0.6	hc	minkowski	0.761229343
5	5	0.7	0.6	hc	minkowski	0.760530605
5	5	0.6	0.7	hc	minkowski	0.757732353
5	5	0.7	0.8	hc	minkowski	0.755213171
5	7	0.6	0.9	hc	minkowski	0.751826624
5	7	0.6	0.7	hc	minkowski	0.750318777
5	6	0.7	0.5	hc	minkowski	0.746198925
5	7	0.8	1	hc	manhattan	0.745800576
5	5	0.9	0.7	hc	manhattan	0.743182243
5	7	0.9	0.9	hc	manhattan	0.74273488
5	5	0.9	0.9	hc	manhattan	0.742569116
5	7	0.7	0.9	hc	manhattan	0.741989059
5	5	0.8	1	hc	manhattan	0.741144291
5	6	0.9	0.6	hc	manhattan	0.739967249
5	6	0.8	0.9	hc	manhattan	0.734664995
5	6	0.6	0.6	hc	minkowski	0.734412966
5	5	0.5	1	hc	minkowski	0.733703747
5	6	0.9	0.8	hc	manhattan	0.733449494
5	6	0.6	0.8	hc	minkowski	0.732573589
5	7	0.6	0.5	hc	minkowski	0.730286632
5	7	0.5	0.8	hc	minkowski	0.729162723
5	6	0.8	0.7	hc	manhattan	0.725584609
5	5	0.8	0.6	hc	manhattan	0.720181965
5	5	0.9	0.5	hc	manhattan	0.717469428
5	6	0.5	0.7	hc	minkowski	0.716469259
5	6	0.7	1	hc	manhattan	0.715088623
5	7	0.8	0.6	hc	manhattan	0.711542457
5	7	0.7	0.7	hc	manhattan	0.708515817
5	5	0.6	0.5	hc	minkowski	0.708264923
5	5	0.5	0.8	hc	minkowski	0.707930626
5	6	0.8	0.5	hc	manhattan	0.70118751
5	6	0.8	1	pam	minkowski	0.700509093
5	7	0.9	0.5	hc	manhattan	0.699437641
5	6	0.5	0.5	hc	minkowski	0.698316339
5	5	0.7	0.9	hc	manhattan	0.694585822
5	7	0.5	0.6	hc	minkowski	0.692916776
5	5	0.8	0.8	hc	manhattan	0.691836871
5	6	0.9	1	pam	manhattan	0.688216393
5	7	0.6	0.8	hc	manhattan	0.686898194
5	5	0.5	0.6	hc	minkowski	0.686515574
5	5	0.6	0.8	hc	manhattan	0.685098493
5	5	0.7	0.7	hc	manhattan	0.684685504
5	6	0.7	0.6	hc	manhattan	0.683082953
5	7	0.8	0.8	hc	manhattan	0.681695136
5	5	0.6	1	hc	manhattan	0.674052121
5	6	0.6	0.9	hc	manhattan	0.66827796
5	7	0.6	1	hc	manhattan	0.667352339
5	6	0.7	0.8	hc	manhattan	0.66440891
5	7	0.7	0.5	hc	manhattan	0.659449685
5	5	0.6	0.6	hc	manhattan	0.651848723
5	5	0.7	0.5	hc	manhattan	0.645194394
5	6	0.6	0.5	hc	manhattan	0.639089061
5	6	0.6	0.7	hc	manhattan	0.624434865
5	6	0.5	0.6	hc	manhattan	0.615456628
5	6	0.5	1	hc	manhattan	0.604276269
5	5	0.5	0.9	hc	manhattan	0.60064875
5	5	0.7	1	pam	minkowski	0.587821703
5	7	0.8	1	pam	manhattan	0.585805926
5	7	0.5	0.7	hc	manhattan	0.584028486
5	7	0.5	0.9	hc	manhattan	0.570960307
5	7	0.6	0.6	hc	manhattan	0.570720952
5	5	0.5	0.5	hc	manhattan	0.569835433
5	5	0.5	0.7	hc	manhattan	0.56977508
5	6	0.5	0.8	hc	manhattan	0.562054603
5	7	0.5	0.5	hc	manhattan	0.561665887
5	7	0.7	1	pam	minkowski	0.557199182
5	6	0.9	0.9	pam	minkowski	0.545174443
5	5	0.8	1	pam	manhattan	0.502477266
5	5	0.8	0.9	pam	minkowski	0.484428582
5	6	0.7	1	pam	manhattan	0.483693466
5	6	0.6	1	pam	minkowski	0.481848132
5	7	0.9	0.9	pam	manhattan	0.476437155
5	7	0.8	0.9	pam	minkowski	0.462764329
5	5	0.9	0.9	pam	manhattan	0.460720145
5	7	0.5	1	pam	minkowski	0.435361258
5	5	0.6	1	pam	manhattan	0.428692628
5	5	0.9	0.8	pam	minkowski	0.425274209
5	7	0.9	0.8	pam	minkowski	0.42392386
5	5	0.5	1	pam	minkowski	0.417063776
5	7	0.6	1	pam	manhattan	0.406687129
5	6	0.7	0.9	pam	minkowski	0.401915535
5	6	0.8	0.8	pam	minkowski	0.396081311
5	6	0.8	0.9	pam	manhattan	0.394389426
5	5	0.7	0.9	pam	manhattan	0.384845414
5	6	0.5	1	pam	manhattan	0.38477338
5	7	0.7	0.9	pam	manhattan	0.38313186
5	7	0.6	0.9	pam	minkowski	0.377965171
5	5	0.6	0.9	pam	minkowski	0.371117947
5	6	0.9	0.8	pam	manhattan	0.369522993
5	6	0.6	0.9	pam	manhattan	0.368589879
5	7	0.7	0.8	pam	minkowski	0.362577697
5	7	0.8	0.8	pam	manhattan	0.361898138
5	5	0.8	0.8	pam	manhattan	0.357515627
5	5	0.7	0.8	pam	minkowski	0.350810939
5	6	0.5	0.9	pam	minkowski	0.348079739
5	6	0.9	0.7	pam	minkowski	0.337130163
5	6	0.7	0.8	pam	manhattan	0.328628462
5	5	0.8	0.7	pam	minkowski	0.326576955
5	7	0.8	0.7	pam	minkowski	0.324506181
5	5	0.5	0.9	pam	manhattan	0.323785084
5	7	0.9	0.7	pam	manhattan	0.322894287
5	7	0.5	0.9	pam	manhattan	0.319375384
5	6	0.6	0.8	pam	minkowski	0.314544075
5	7	0.6	0.8	pam	manhattan	0.313556511
5	6	0.8	0.7	pam	manhattan	0.310211807
5	6	0.5	0.8	pam	manhattan	0.308808151
5	5	0.9	0.7	pam	manhattan	0.307883365
5	7	0.7	0.7	pam	manhattan	0.30389444
5	6	0.7	0.7	pam	minkowski	0.301055728
5	5	0.5	0.8	pam	minkowski	0.297596785
5	5	0.6	0.8	pam	manhattan	0.297217142
5	6	0.6	0.7	pam	manhattan	0.293096866
5	6	0.9	0.6	pam	manhattan	0.284267767
5	5	0.7	0.7	pam	manhattan	0.284193368
5	7	0.5	0.7	pam	manhattan	0.282564652
5	7	0.8	0.6	pam	manhattan	0.275771487
5	7	0.6	0.7	pam	minkowski	0.274611241
5	6	0.7	0.6	pam	manhattan	0.27208974
5	5	0.8	0.6	pam	manhattan	0.271953235
5	7	0.5	0.8	pam	minkowski	0.27075971
5	5	0.5	0.7	pam	manhattan	0.269355541
5	6	0.8	0.6	pam	minkowski	0.267410576
5	6	0.5	0.7	pam	minkowski	0.26402684
5	5	0.9	0.6	pam	minkowski	0.263793774
5	7	0.9	0.6	pam	minkowski	0.261633334
5	5	0.6	0.6	pam	manhattan	0.260849173
5	6	0.6	0.6	pam	minkowski	0.253906927
5	7	0.6	0.6	pam	manhattan	0.253610942
5	5	0.6	0.7	pam	minkowski	0.248753724
5	5	0.9	0.5	pam	manhattan	0.241660932
5	5	0.7	0.5	pam	manhattan	0.240604723
5	6	0.5	0.6	pam	manhattan	0.240572125
5	7	0.7	0.6	pam	minkowski	0.239235948
5	7	0.5	0.5	pam	manhattan	0.235092183
5	5	0.7	0.6	pam	minkowski	0.229475355
5	5	0.5	0.5	pam	manhattan	0.228497352
5	6	0.8	0.5	pam	manhattan	0.228252803
5	6	0.9	0.5	pam	minkowski	0.22801162
5	6	0.7	0.5	pam	minkowski	0.226195621
5	7	0.5	0.6	pam	minkowski	0.222278112
5	7	0.9	0.5	pam	manhattan	0.221974056
5	7	0.7	0.5	pam	manhattan	0.221196214
5	5	0.8	0.5	pam	minkowski	0.219180512
5	7	0.6	0.5	pam	minkowski	0.219005624
5	5	0.6	0.5	pam	minkowski	0.216998698
5	6	0.6	0.5	pam	manhattan	0.212366466
5	7	0.8	0.5	pam	minkowski	0.207980562
5	5	0.5	0.6	pam	minkowski	0.199569307
5	6	0.5	0.5	pam	minkowski	0.189869431